quality_id,procurement_id,moisture_pct,foreign_matter_pct,result
QC00001,P00001,15.87,3.14,pass
QC00002,P00002,18.79,1.22,pass
QC00003,P00003,13.71,4.19,pass
QC00004,P00004,16.83,3.6,pass
QC00005,P00005,13.6,3.87,pass
QC00006,P00006,12.28,3.44,pass
QC00007,P00007,12.64,1.76,pass
QC00008,P00008,18.34,1.53,pass
QC00009,P00009,12.43,1.91,hold
QC00010,P00010,15.25,3.15,pass
QC00011,P00011,14.23,3.54,pass
QC00012,P00012,15.35,2.77,hold
QC00013,P00013,13.38,3.17,pass
QC00014,P00014,16.19,2.2,pass
QC00015,P00015,16.07,4.44,pass
QC00016,P00016,17.04,2.77,pass
QC00017,P00017,16.12,3.54,hold
QC00018,P00018,18.95,2.01,hold
QC00019,P00019,16.21,2.97,pass
QC00020,P00020,14.3,2.93,pass
QC00021,P00021,18.66,2.2,pass
QC00022,P00022,14.39,3.71,pass
QC00023,P00023,16.38,1.45,pass
QC00024,P00024,15.41,2.28,hold
QC00025,P00025,15.47,1.72,hold
QC00026,P00026,16.71,1.38,hold
QC00027,P00027,14.4,3.75,pass
QC00028,P00028,13.36,1.43,pass
QC00029,P00029,13.49,3.01,pass
QC00030,P00030,17.36,2.89,pass
QC00031,P00031,18.49,1.84,pass
QC00032,P00032,14.27,1.77,hold
QC00033,P00033,17.5,4.41,pass
QC00034,P00034,14.28,3.07,hold
QC00035,P00035,16.57,4.15,pass
QC00036,P00036,13.6,2.05,pass
QC00037,P00037,14.6,2.22,pass
QC00038,P00038,17.8,2.26,pass
QC00039,P00039,14.98,2.57,hold
QC00040,P00040,12.04,4.76,pass
QC00041,P00041,18.78,2.41,pass
QC00042,P00042,18.82,4.07,pass
QC00043,P00043,17.73,1.81,pass
QC00044,P00044,14.06,2.49,pass
QC00045,P00045,14.99,2.53,pass
QC00046,P00046,17.58,3.47,hold
QC00047,P00047,17.99,1.43,pass
QC00048,P00048,13.12,3.89,hold
QC00049,P00049,18.66,4.79,hold
QC00050,P00050,16.81,4.64,hold
QC00051,P00051,13.75,4.95,hold
QC00052,P00052,12.42,1.22,pass
QC00053,P00053,13.93,2.48,pass
QC00054,P00054,12.78,1.54,pass
QC00055,P00055,14.27,4.1,hold
QC00056,P00056,17.77,4.5,pass
QC00057,P00057,16.02,3.25,hold
QC00058,P00058,13.72,3.29,pass
QC00059,P00059,15.9,4.27,pass
QC00060,P00060,12.98,4.08,pass
QC00061,P00061,18.7,2.44,hold
QC00062,P00062,17.23,1.86,pass
QC00063,P00063,15.28,2.84,pass
QC00064,P00064,13.39,4.89,pass
QC00065,P00065,13.79,3.99,pass
QC00066,P00066,12.98,3.57,hold
QC00067,P00067,14.77,2.95,pass
QC00068,P00068,17.82,1.24,pass
QC00069,P00069,12.11,2.75,pass
QC00070,P00070,18.72,4.49,pass
QC00071,P00071,17.53,2.97,pass
QC00072,P00072,16.44,3.94,pass
QC00073,P00073,18.82,4.12,pass
QC00074,P00074,17.59,4.39,pass
QC00075,P00075,16.02,2.87,pass
QC00076,P00076,17.26,4.07,hold
QC00077,P00077,17.72,2.86,pass
QC00078,P00078,16.55,1.29,pass
QC00079,P00079,15.18,4.12,hold
QC00080,P00080,18.23,2.61,pass
QC00081,P00081,12.04,4.31,pass
QC00082,P00082,12.06,2.29,pass
QC00083,P00083,13.81,1.89,pass
QC00084,P00084,15.73,3.61,pass
QC00085,P00085,17.39,3.3,pass
QC00086,P00086,18.25,3.86,pass
QC00087,P00087,13.32,1.59,pass
QC00088,P00088,13.27,1.1,pass
QC00089,P00089,17.46,3.16,pass
QC00090,P00090,14.29,2.26,pass
QC00091,P00091,16.61,1.81,pass
QC00092,P00092,14.97,2.08,pass
QC00093,P00093,17.41,1.11,hold
QC00094,P00094,12.86,4.79,pass
QC00095,P00095,15.11,3.98,pass
QC00096,P00096,14.66,2.79,hold
QC00097,P00097,13.39,4.08,pass
QC00098,P00098,12.65,1.7,pass
QC00099,P00099,13.14,1.84,hold
QC00100,P00100,17.18,2.43,pass
QC00101,P00101,14.91,1.84,pass
QC00102,P00102,17.6,2.44,pass
QC00103,P00103,15.56,4.78,pass
QC00104,P00104,12.05,4.21,hold
QC00105,P00105,18.73,1.4,pass
QC00106,P00106,18.62,4.35,hold
QC00107,P00107,18.62,3.61,pass
QC00108,P00108,19.0,1.34,hold
QC00109,P00109,18.13,1.06,pass
QC00110,P00110,17.11,4.59,pass
QC00111,P00111,12.99,2.0,pass
QC00112,P00112,12.9,1.62,hold
QC00113,P00113,17.34,1.24,pass
QC00114,P00114,18.06,3.64,pass
QC00115,P00115,16.32,4.29,hold
QC00116,P00116,13.21,4.75,pass
QC00117,P00117,17.19,4.24,pass
QC00118,P00118,14.56,4.7,pass
QC00119,P00119,12.21,1.82,hold
QC00120,P00120,16.38,4.64,pass
QC00121,P00121,16.35,1.11,pass
QC00122,P00122,14.32,4.56,pass
QC00123,P00123,17.14,1.58,hold
QC00124,P00124,12.33,2.51,pass
QC00125,P00125,13.11,1.06,pass
QC00126,P00126,12.64,4.95,pass
QC00127,P00127,18.78,2.86,hold
QC00128,P00128,17.99,3.15,pass
QC00129,P00129,18.0,4.24,pass
QC00130,P00130,14.18,2.88,pass
QC00131,P00131,12.9,3.63,pass
QC00132,P00132,18.7,3.67,pass
QC00133,P00133,15.34,3.99,pass
QC00134,P00134,12.88,3.06,pass
QC00135,P00135,13.58,1.33,pass
QC00136,P00136,17.02,2.13,pass
QC00137,P00137,13.75,2.0,pass
QC00138,P00138,14.3,4.9,pass
QC00139,P00139,17.32,1.53,hold
QC00140,P00140,14.62,1.58,pass
QC00141,P00141,17.24,4.2,pass
QC00142,P00142,17.56,4.92,pass
QC00143,P00143,13.0,1.14,pass
QC00144,P00144,13.13,2.29,hold
QC00145,P00145,15.39,2.38,hold
QC00146,P00146,15.16,1.86,pass
QC00147,P00147,15.82,1.47,pass
QC00148,P00148,16.59,3.06,pass
QC00149,P00149,14.36,4.57,pass
QC00150,P00150,14.39,4.49,hold
QC00151,P00151,16.64,3.67,pass
QC00152,P00152,17.34,2.05,pass
QC00153,P00153,14.99,1.1,pass
QC00154,P00154,12.66,4.9,pass
QC00155,P00155,12.84,3.85,pass
QC00156,P00156,18.11,2.23,hold
QC00157,P00157,15.87,4.76,pass
QC00158,P00158,14.78,4.76,pass
QC00159,P00159,12.99,3.72,pass
QC00160,P00160,13.39,3.98,pass
QC00161,P00161,15.94,3.12,pass
QC00162,P00162,17.6,2.45,pass
QC00163,P00163,16.86,4.99,pass
QC00164,P00164,14.62,1.4,pass
QC00165,P00165,16.44,4.44,pass
QC00166,P00166,17.9,4.0,pass
QC00167,P00167,15.79,4.82,hold
QC00168,P00168,18.01,2.11,hold
QC00169,P00169,14.08,4.6,hold
QC00170,P00170,18.26,2.87,pass
QC00171,P00171,17.05,2.2,pass
QC00172,P00172,13.76,3.22,pass
QC00173,P00173,13.46,3.93,pass
QC00174,P00174,12.41,2.64,pass
QC00175,P00175,15.37,1.64,pass
QC00176,P00176,14.74,1.64,hold
QC00177,P00177,14.74,1.77,pass
QC00178,P00178,12.49,4.85,pass
QC00179,P00179,12.98,2.61,pass
QC00180,P00180,13.44,1.57,pass
QC00181,P00181,17.32,1.04,pass
QC00182,P00182,15.64,3.1,hold
QC00183,P00183,13.63,2.75,pass
QC00184,P00184,15.79,3.44,pass
QC00185,P00185,12.49,4.92,pass
QC00186,P00186,18.13,4.8,pass
QC00187,P00187,14.67,4.56,pass
QC00188,P00188,16.39,2.7,pass
QC00189,P00189,18.13,3.77,hold
QC00190,P00190,17.31,1.9,pass
QC00191,P00191,12.62,3.93,pass
QC00192,P00192,13.69,4.4,hold
QC00193,P00193,17.86,4.85,hold
QC00194,P00194,12.4,1.42,pass
QC00195,P00195,17.9,3.93,pass
QC00196,P00196,16.48,2.32,pass
QC00197,P00197,18.88,1.33,pass
QC00198,P00198,16.99,2.94,hold
QC00199,P00199,13.55,2.74,pass
QC00200,P00200,12.73,4.12,hold
QC00201,P00201,15.92,4.35,hold
QC00202,P00202,16.25,4.48,hold
QC00203,P00203,12.29,1.43,pass
QC00204,P00204,16.03,1.47,pass
QC00205,P00205,14.52,3.69,hold
QC00206,P00206,17.71,3.87,pass
QC00207,P00207,14.43,4.15,hold
QC00208,P00208,16.01,3.09,hold
QC00209,P00209,17.69,3.51,hold
QC00210,P00210,16.68,1.1,pass
QC00211,P00211,12.17,4.78,pass
QC00212,P00212,14.05,2.65,pass
QC00213,P00213,17.1,4.4,pass
QC00214,P00214,14.51,3.73,pass
QC00215,P00215,18.82,1.99,hold
QC00216,P00216,17.49,2.3,pass
QC00217,P00217,17.38,1.64,pass
QC00218,P00218,17.18,4.01,pass
QC00219,P00219,17.91,4.43,pass
QC00220,P00220,14.46,3.15,pass
QC00221,P00221,14.22,2.22,pass
QC00222,P00222,16.48,2.25,hold
QC00223,P00223,16.48,4.03,pass
QC00224,P00224,13.85,3.83,pass
QC00225,P00225,14.36,2.75,pass
QC00226,P00226,17.28,4.84,pass
QC00227,P00227,12.11,1.76,pass
QC00228,P00228,18.36,3.8,pass
QC00229,P00229,17.3,3.15,hold
QC00230,P00230,16.33,1.3,pass
QC00231,P00231,12.63,3.39,hold
QC00232,P00232,17.97,1.58,pass
QC00233,P00233,15.73,2.59,hold
QC00234,P00234,12.73,4.82,pass
QC00235,P00235,16.29,4.88,pass
QC00236,P00236,19.0,2.77,pass
QC00237,P00237,13.72,1.62,pass
QC00238,P00238,12.18,1.9,pass
QC00239,P00239,13.72,1.9,pass
QC00240,P00240,13.02,2.19,pass
QC00241,P00241,18.0,2.93,hold
QC00242,P00242,14.9,3.2,pass
QC00243,P00243,14.89,4.39,hold
QC00244,P00244,16.39,4.55,hold
QC00245,P00245,17.23,3.83,pass
QC00246,P00246,17.62,2.05,pass
QC00247,P00247,14.55,4.7,pass
QC00248,P00248,14.24,2.43,pass
QC00249,P00249,14.25,4.31,pass
QC00250,P00250,17.57,3.32,pass
QC00251,P00251,18.87,4.14,hold
QC00252,P00252,15.75,1.42,pass
QC00253,P00253,17.04,3.87,pass
QC00254,P00254,15.26,3.3,pass
QC00255,P00255,15.22,2.75,hold
QC00256,P00256,12.45,4.98,pass
QC00257,P00257,15.92,3.24,pass
QC00258,P00258,18.27,2.91,pass
QC00259,P00259,12.45,2.42,pass
QC00260,P00260,15.99,4.79,pass
QC00261,P00261,17.0,2.96,pass
QC00262,P00262,18.9,1.86,hold
QC00263,P00263,14.17,3.79,pass
QC00264,P00264,14.31,3.28,hold
QC00265,P00265,13.01,3.16,pass
QC00266,P00266,18.04,4.88,pass
QC00267,P00267,16.98,2.43,pass
QC00268,P00268,17.42,1.28,pass
QC00269,P00269,15.71,3.92,pass
QC00270,P00270,13.74,3.41,pass
QC00271,P00271,17.85,1.12,hold
QC00272,P00272,17.1,2.33,pass
QC00273,P00273,18.62,3.3,hold
QC00274,P00274,17.63,2.53,hold
QC00275,P00275,12.97,2.37,pass
QC00276,P00276,14.18,1.71,hold
QC00277,P00277,18.15,3.0,pass
QC00278,P00278,13.82,1.8,pass
QC00279,P00279,18.9,3.53,pass
QC00280,P00280,15.16,1.38,pass
QC00281,P00281,12.14,3.42,pass
QC00282,P00282,16.78,1.38,pass
QC00283,P00283,18.75,3.12,pass
QC00284,P00284,14.29,2.23,pass
QC00285,P00285,18.02,4.82,pass
QC00286,P00286,16.46,2.99,pass
QC00287,P00287,18.83,1.39,pass
QC00288,P00288,16.2,3.3,hold
QC00289,P00289,16.94,4.52,pass
QC00290,P00290,15.55,4.26,hold
QC00291,P00291,12.21,1.16,pass
QC00292,P00292,17.65,2.25,pass
QC00293,P00293,12.75,3.73,pass
QC00294,P00294,18.3,2.99,pass
QC00295,P00295,18.98,4.68,hold
QC00296,P00296,18.5,3.19,hold
QC00297,P00297,17.49,4.78,pass
QC00298,P00298,14.37,2.46,pass
QC00299,P00299,18.72,2.96,hold
QC00300,P00300,12.29,1.23,hold
