queue_event_id,centre_id,event_timestamp,queue_length,active_counters,avg_quantity_qtl,avg_service_time_min,hour,weather_condition,no_show_count,observed_wait_time_min
Q000000,C001,2026-09-14T17:01:00,25,1,30,10,8,rain,2,37
Q000001,C004,2026-09-26T01:38:00,60,3,6,10,12,rain,0,26
Q000002,C003,2026-09-07T00:27:00,47,4,33,16,15,rain,2,16
Q000003,C004,2026-09-23T23:55:00,47,5,13,6,14,clear,3,43
Q000004,C002,2026-09-26T04:18:00,37,3,8,6,13,cloudy,2,24
Q000005,C004,2026-09-28T18:43:00,54,2,27,18,13,rain,0,27
Q000006,C004,2026-09-13T20:23:00,7,1,26,16,13,cloudy,1,6
Q000007,C002,2026-09-29T00:07:00,56,1,9,6,11,cloudy,2,28
Q000008,C004,2026-09-27T04:04:00,4,5,9,18,13,rain,3,9
Q000009,C002,2026-09-25T10:48:00,46,4,15,12,11,clear,0,16
Q000010,C004,2026-09-24T22:00:00,49,5,8,12,12,cloudy,3,18
Q000011,C003,2026-09-23T17:01:00,25,1,9,6,15,clear,3,10
Q000012,C003,2026-09-17T03:58:00,8,5,22,13,12,clear,1,28
Q000013,C002,2026-09-06T21:03:00,25,2,12,19,8,rain,2,34
Q000014,C002,2026-09-29T04:54:00,11,1,14,16,15,cloudy,3,31
Q000015,C001,2026-09-07T01:23:00,40,1,19,18,18,cloudy,2,13
Q000016,C002,2026-09-07T05:26:00,55,5,34,5,9,cloudy,1,24
Q000017,C002,2026-09-08T17:24:00,41,2,16,20,12,clear,2,17
Q000018,C003,2026-09-07T01:13:00,80,3,24,6,16,cloudy,1,42
Q000019,C002,2026-09-09T03:29:00,79,5,15,5,8,clear,0,41
Q000020,C003,2026-09-30T23:42:00,26,5,18,4,15,cloudy,2,24
Q000021,C004,2026-09-12T11:58:00,51,3,19,6,8,clear,3,31
Q000022,C004,2026-09-22T11:47:00,26,3,24,8,13,cloudy,2,27
Q000023,C004,2026-09-07T07:19:00,47,5,22,7,13,clear,3,12
Q000024,C003,2026-09-21T19:34:00,31,2,8,5,12,rain,3,20
Q000025,C002,2026-09-16T06:08:00,73,3,11,9,15,cloudy,3,36
Q000026,C003,2026-09-23T23:45:00,2,1,35,16,16,rain,1,18
Q000027,C003,2026-09-03T13:38:00,6,3,20,19,12,cloudy,0,11
Q000028,C004,2026-09-07T10:47:00,33,3,29,16,13,clear,3,8
Q000029,C002,2026-09-17T20:28:00,70,3,7,16,16,rain,2,44
Q000030,C001,2026-09-07T05:02:00,12,4,16,14,16,rain,1,17
Q000031,C004,2026-09-24T02:43:00,5,1,6,8,13,rain,3,14
Q000032,C002,2026-09-16T06:43:00,78,3,10,16,17,cloudy,2,42
Q000033,C003,2026-09-24T10:37:00,65,5,20,13,15,clear,2,26
Q000034,C001,2026-09-20T07:28:00,74,3,30,4,17,rain,2,42
Q000035,C002,2026-09-03T16:35:00,74,4,10,20,18,cloudy,3,14
Q000036,C002,2026-09-02T18:59:00,73,1,11,4,15,rain,3,14
Q000037,C004,2026-09-10T15:12:00,52,5,29,19,8,cloudy,1,38
Q000038,C002,2026-09-26T21:08:00,41,4,21,16,13,clear,3,39
Q000039,C003,2026-09-26T05:10:00,45,3,24,19,11,clear,2,40
Q000040,C003,2026-09-11T14:06:00,38,3,27,10,15,rain,3,27
Q000041,C003,2026-09-14T10:50:00,15,5,26,16,14,rain,1,23
Q000042,C001,2026-09-14T10:40:00,10,3,34,18,18,rain,3,18
Q000043,C002,2026-09-25T20:46:00,34,5,27,12,10,clear,1,20
Q000044,C001,2026-09-25T12:32:00,28,2,6,7,14,rain,3,11
Q000045,C002,2026-09-01T14:09:00,70,2,18,19,15,cloudy,1,23
Q000046,C003,2026-09-14T08:14:00,7,1,25,11,16,cloudy,0,16
Q000047,C004,2026-09-09T08:30:00,4,4,30,19,10,cloudy,2,7
Q000048,C001,2026-09-14T22:25:00,72,5,8,14,12,rain,3,13
Q000049,C004,2026-09-13T18:30:00,24,1,15,9,15,cloudy,2,16
Q000050,C001,2026-09-16T16:42:00,37,5,26,10,10,cloudy,3,32
Q000051,C003,2026-09-05T07:14:00,51,1,10,8,15,rain,1,5
Q000052,C003,2026-09-18T19:27:00,30,4,29,12,13,rain,0,21
Q000053,C003,2026-09-12T02:36:00,7,1,19,13,10,rain,2,12
Q000054,C003,2026-09-18T01:57:00,78,2,12,8,15,clear,3,43
Q000055,C003,2026-09-20T06:42:00,70,4,29,10,11,cloudy,0,38
Q000056,C004,2026-09-25T09:24:00,46,1,34,7,8,cloudy,1,41
Q000057,C002,2026-09-08T20:13:00,41,5,19,7,18,clear,3,10
Q000058,C004,2026-09-03T21:16:00,58,2,21,17,15,cloudy,0,40
Q000059,C004,2026-09-15T09:06:00,2,4,13,4,11,cloudy,0,7
Q000060,C004,2026-09-17T00:49:00,8,5,6,6,15,clear,2,31
Q000061,C002,2026-09-07T12:25:00,53,3,33,16,15,rain,3,10
Q000062,C002,2026-10-01T02:20:00,44,1,10,16,16,clear,1,5
Q000063,C001,2026-09-14T22:23:00,59,5,18,16,11,clear,3,27
Q000064,C002,2026-09-13T21:34:00,24,1,6,17,17,clear,1,18
Q000065,C001,2026-09-05T22:42:00,76,1,19,5,11,cloudy,0,30
Q000066,C004,2026-09-12T00:27:00,69,2,29,5,10,cloudy,2,19
Q000067,C003,2026-09-27T15:15:00,76,3,12,13,10,cloudy,1,31
Q000068,C003,2026-09-13T21:02:00,7,5,35,9,18,cloudy,3,40
Q000069,C004,2026-09-03T11:42:00,44,4,30,20,13,cloudy,3,31
Q000070,C002,2026-09-15T00:03:00,48,2,29,19,11,clear,2,14
Q000071,C004,2026-09-03T23:26:00,71,4,35,17,16,cloudy,1,29
Q000072,C002,2026-09-12T23:01:00,26,3,25,6,15,rain,0,39
Q000073,C002,2026-09-03T16:47:00,34,4,26,5,9,clear,1,35
Q000074,C002,2026-09-16T12:11:00,38,1,11,10,9,cloudy,3,20
Q000075,C002,2026-09-19T09:43:00,30,5,15,13,14,rain,2,24
Q000076,C003,2026-09-17T17:19:00,65,4,19,7,15,rain,1,28
Q000077,C003,2026-09-20T04:37:00,5,5,32,11,10,clear,2,40
Q000078,C004,2026-09-14T18:55:00,19,2,15,11,14,cloudy,1,36
Q000079,C003,2026-09-13T01:34:00,62,4,19,9,13,clear,1,39
Q000080,C004,2026-09-09T17:31:00,69,1,21,5,9,cloudy,0,5
Q000081,C004,2026-09-07T14:40:00,80,2,7,8,8,clear,3,28
Q000082,C001,2026-09-29T11:20:00,78,4,26,19,8,clear,3,5
Q000083,C001,2026-09-25T10:45:00,35,5,14,4,16,cloudy,3,16
Q000084,C001,2026-09-05T17:42:00,67,2,12,10,17,cloudy,2,27
Q000085,C003,2026-09-19T10:01:00,10,3,35,16,15,cloudy,1,19
Q000086,C003,2026-09-05T00:33:00,4,1,17,16,14,cloudy,3,8
Q000087,C001,2026-09-09T03:41:00,10,4,32,17,18,rain,0,38
Q000088,C001,2026-09-11T19:27:00,27,5,20,12,8,clear,2,39
Q000089,C001,2026-09-09T12:24:00,40,1,35,10,17,clear,3,9
Q000090,C003,2026-09-08T17:56:00,72,2,23,16,18,cloudy,2,29
Q000091,C002,2026-09-04T22:09:00,64,3,6,7,14,clear,0,26
Q000092,C004,2026-09-16T04:59:00,3,3,30,18,15,clear,2,40
Q000093,C004,2026-09-21T00:11:00,23,5,26,16,9,cloudy,2,20
Q000094,C001,2026-09-05T02:06:00,34,2,17,8,14,rain,2,11
Q000095,C001,2026-09-01T14:10:00,39,4,16,12,9,clear,0,16
Q000096,C004,2026-09-21T18:45:00,71,5,21,17,9,clear,0,27
Q000097,C001,2026-09-28T12:30:00,76,3,32,16,8,rain,3,29
Q000098,C001,2026-09-26T19:39:00,31,5,21,9,18,rain,1,13
Q000099,C003,2026-09-15T01:24:00,34,4,9,6,10,rain,2,31
Q000100,C003,2026-09-23T09:24:00,9,3,13,11,18,rain,1,34
Q000101,C001,2026-09-07T12:29:00,38,1,35,16,13,cloudy,3,26
Q000102,C004,2026-09-16T14:07:00,55,5,9,13,13,cloudy,1,35
Q000103,C003,2026-09-09T10:31:00,50,3,14,19,17,clear,2,29
Q000104,C003,2026-09-19T05:41:00,46,1,34,10,17,cloudy,1,40
Q000105,C001,2026-09-22T08:42:00,26,4,30,13,9,rain,3,13
Q000106,C003,2026-09-12T08:51:00,32,2,27,17,14,clear,3,43
Q000107,C004,2026-09-27T20:27:00,51,5,21,17,16,clear,2,39
Q000108,C001,2026-09-06T07:57:00,31,3,10,5,17,cloudy,3,26
Q000109,C004,2026-09-06T04:13:00,1,1,13,11,16,cloudy,1,33
Q000110,C003,2026-09-19T03:43:00,59,5,27,20,10,rain,0,35
Q000111,C001,2026-09-14T19:11:00,53,1,8,8,13,rain,2,34
Q000112,C002,2026-09-25T01:41:00,61,3,20,7,15,cloudy,3,25
Q000113,C001,2026-09-15T00:28:00,5,1,5,14,18,clear,1,20
Q000114,C002,2026-09-26T11:19:00,20,3,22,17,15,clear,3,45
Q000115,C002,2026-09-09T20:05:00,55,4,5,10,15,cloudy,3,29
Q000116,C001,2026-09-11T03:06:00,26,3,29,6,17,clear,1,28
Q000117,C003,2026-09-10T07:45:00,58,1,13,19,16,cloudy,2,43
Q000118,C004,2026-09-29T04:12:00,50,5,8,15,13,rain,1,24
Q000119,C001,2026-09-07T10:48:00,40,1,12,13,9,clear,2,14
Q000120,C004,2026-09-20T09:19:00,76,2,23,16,14,clear,3,45
Q000121,C002,2026-09-26T14:36:00,21,4,14,8,10,rain,3,44
Q000122,C001,2026-09-17T16:39:00,1,4,9,10,14,cloudy,3,31
Q000123,C004,2026-09-20T06:28:00,56,4,10,6,17,clear,1,23
Q000124,C001,2026-09-13T20:42:00,28,5,14,9,15,cloudy,3,40
Q000125,C001,2026-09-27T10:03:00,14,3,29,15,16,clear,3,39
Q000126,C002,2026-09-20T16:52:00,13,2,14,5,15,rain,2,10
Q000127,C004,2026-09-06T16:43:00,30,2,30,15,17,cloudy,3,15
Q000128,C002,2026-09-10T18:11:00,26,1,23,15,16,rain,1,25
Q000129,C003,2026-09-14T12:31:00,73,3,35,20,18,clear,1,31
Q000130,C001,2026-09-13T23:24:00,16,2,12,8,13,clear,3,36
Q000131,C002,2026-09-27T15:12:00,80,3,25,17,14,rain,0,45
Q000132,C001,2026-09-19T16:31:00,65,3,27,15,15,rain,2,42
Q000133,C001,2026-09-05T14:14:00,58,3,32,6,16,rain,1,32
Q000134,C002,2026-09-23T20:51:00,34,3,31,13,13,cloudy,1,41
Q000135,C004,2026-09-16T23:57:00,6,1,8,18,8,clear,1,33
Q000136,C004,2026-09-01T09:14:00,54,2,27,8,18,rain,1,22
Q000137,C001,2026-10-01T03:29:00,46,3,7,15,18,cloudy,1,8
Q000138,C004,2026-09-29T19:49:00,39,2,18,6,9,clear,1,35
Q000139,C001,2026-09-07T09:26:00,75,2,21,18,8,clear,2,12
Q000140,C004,2026-09-07T08:52:00,61,1,12,16,9,cloudy,0,11
Q000141,C003,2026-09-18T01:58:00,38,2,17,8,18,cloudy,1,9
Q000142,C001,2026-09-29T03:07:00,21,4,16,10,18,cloudy,1,31
Q000143,C004,2026-09-11T05:47:00,11,1,9,7,17,cloudy,3,27
Q000144,C004,2026-09-15T16:01:00,17,2,13,6,11,cloudy,2,6
Q000145,C003,2026-09-10T16:54:00,66,5,21,10,14,rain,0,20
Q000146,C004,2026-09-18T21:59:00,14,2,20,6,16,clear,2,25
Q000147,C002,2026-09-18T23:01:00,72,4,16,9,15,clear,0,42
Q000148,C001,2026-09-01T23:33:00,33,2,6,5,14,cloudy,2,45
Q000149,C004,2026-09-20T15:09:00,51,1,25,8,12,clear,2,10
Q000150,C002,2026-09-08T10:12:00,68,3,17,6,12,cloudy,3,20
Q000151,C001,2026-09-12T11:32:00,11,4,8,18,17,cloudy,0,24
Q000152,C002,2026-09-06T18:57:00,1,2,27,4,10,rain,2,38
Q000153,C003,2026-09-08T22:52:00,47,2,28,12,9,clear,2,32
Q000154,C003,2026-09-25T04:41:00,8,3,27,6,15,rain,2,8
Q000155,C004,2026-09-27T03:41:00,21,3,10,12,9,cloudy,0,19
Q000156,C001,2026-09-03T08:36:00,1,2,6,19,13,rain,1,16
Q000157,C001,2026-09-26T12:22:00,53,2,15,11,14,cloudy,2,22
Q000158,C001,2026-09-27T08:46:00,47,1,21,5,10,clear,0,30
Q000159,C001,2026-09-22T12:30:00,36,3,15,6,16,rain,0,28
Q000160,C002,2026-09-14T14:59:00,72,3,28,11,15,rain,3,17
Q000161,C002,2026-09-08T04:57:00,0,4,5,11,16,rain,0,26
Q000162,C001,2026-10-01T06:27:00,48,3,8,10,16,clear,3,36
Q000163,C001,2026-09-07T20:00:00,35,1,6,11,16,rain,2,34
Q000164,C001,2026-09-27T18:51:00,12,5,9,16,9,cloudy,0,32
Q000165,C002,2026-09-12T03:07:00,37,3,32,14,14,cloudy,2,25
Q000166,C004,2026-09-13T17:32:00,29,1,35,10,10,cloudy,0,14
Q000167,C001,2026-09-08T20:02:00,57,4,15,17,9,cloudy,2,18
Q000168,C004,2026-09-15T09:15:00,59,3,32,7,9,clear,2,43
Q000169,C001,2026-09-11T03:21:00,41,2,7,11,13,rain,0,24
Q000170,C003,2026-09-09T06:24:00,3,4,32,18,16,cloudy,1,11
Q000171,C004,2026-09-05T23:48:00,17,1,5,5,11,clear,1,30
Q000172,C003,2026-09-30T00:57:00,10,5,23,12,9,clear,0,17
Q000173,C004,2026-09-07T05:10:00,11,3,8,5,15,clear,1,41
Q000174,C004,2026-09-19T07:56:00,63,1,17,17,10,rain,1,16
Q000175,C003,2026-09-14T02:10:00,57,2,6,11,18,rain,3,31
Q000176,C004,2026-09-04T03:06:00,11,3,17,8,14,clear,1,45
Q000177,C001,2026-09-18T18:17:00,45,4,22,19,13,cloudy,2,29
Q000178,C003,2026-09-09T12:54:00,3,3,24,11,8,rain,0,35
Q000179,C003,2026-09-27T22:22:00,29,2,8,11,18,clear,2,39
Q000180,C001,2026-09-11T08:09:00,73,4,16,9,10,clear,2,27
Q000181,C001,2026-09-17T08:37:00,72,5,9,10,15,cloudy,2,16
Q000182,C004,2026-09-03T01:57:00,11,1,12,11,8,cloudy,3,5
Q000183,C003,2026-09-29T07:17:00,25,2,15,9,13,clear,0,14
Q000184,C002,2026-09-06T09:39:00,67,3,35,6,13,cloudy,3,42
Q000185,C001,2026-09-16T16:06:00,38,3,9,9,14,cloudy,3,25
Q000186,C002,2026-09-26T22:19:00,78,3,12,9,14,rain,2,13
Q000187,C002,2026-09-01T10:27:00,73,4,32,5,10,cloudy,2,44
Q000188,C002,2026-09-30T11:09:00,72,1,34,19,10,rain,0,20
Q000189,C003,2026-09-15T21:29:00,21,1,31,14,15,clear,2,18
Q000190,C002,2026-09-04T10:32:00,44,3,30,7,8,clear,3,33
Q000191,C004,2026-09-08T22:11:00,52,4,33,16,13,cloudy,3,11
Q000192,C004,2026-09-27T15:53:00,28,2,19,6,8,rain,0,25
Q000193,C003,2026-09-06T02:53:00,9,3,10,16,10,cloudy,0,40
Q000194,C001,2026-09-16T17:37:00,76,5,33,19,8,rain,1,43
Q000195,C004,2026-09-08T12:05:00,6,1,15,10,11,rain,2,23
Q000196,C003,2026-09-12T03:57:00,12,1,17,19,10,clear,2,5
Q000197,C004,2026-09-05T08:12:00,37,5,20,10,9,clear,1,15
Q000198,C003,2026-09-05T01:59:00,60,1,14,16,15,rain,2,10
Q000199,C004,2026-09-09T18:26:00,47,4,16,9,15,clear,2,33
Q000200,C004,2026-09-13T08:12:00,28,3,23,5,10,cloudy,0,10
Q000201,C003,2026-09-25T23:54:00,52,5,12,5,14,cloudy,3,39
Q000202,C004,2026-09-27T10:03:00,30,4,14,6,14,cloudy,0,37
Q000203,C002,2026-09-06T19:52:00,57,2,35,9,11,clear,1,7
Q000204,C004,2026-09-04T22:05:00,55,2,31,8,17,rain,2,9
Q000205,C001,2026-09-19T00:24:00,71,4,22,14,12,cloudy,3,5
Q000206,C004,2026-09-06T11:24:00,53,2,9,7,9,cloudy,0,23
Q000207,C003,2026-09-20T01:18:00,33,4,25,19,17,cloudy,3,7
Q000208,C002,2026-09-13T21:19:00,51,2,24,16,8,rain,2,20
Q000209,C001,2026-09-22T23:33:00,34,3,5,14,12,rain,2,36
Q000210,C001,2026-09-11T17:29:00,17,3,28,18,13,rain,3,43
Q000211,C001,2026-09-09T21:46:00,56,2,34,17,15,cloudy,2,8
Q000212,C002,2026-09-04T08:10:00,39,5,17,8,16,cloudy,0,16
Q000213,C002,2026-09-10T11:44:00,7,2,6,18,8,rain,1,22
Q000214,C003,2026-09-22T11:33:00,64,4,25,7,18,clear,1,28
Q000215,C004,2026-09-28T09:21:00,57,2,35,19,17,cloudy,2,27
Q000216,C002,2026-09-13T03:01:00,11,3,5,16,8,clear,1,19
Q000217,C002,2026-09-10T18:18:00,34,4,21,4,18,clear,3,13
Q000218,C002,2026-09-28T17:06:00,1,2,13,13,18,rain,3,29
Q000219,C003,2026-09-22T05:50:00,32,2,19,13,18,cloudy,3,42
Q000220,C001,2026-09-01T16:31:00,65,3,22,13,12,cloudy,0,35
Q000221,C001,2026-09-16T15:48:00,35,3,32,12,12,cloudy,2,17
Q000222,C002,2026-09-24T21:31:00,30,1,30,16,18,rain,1,6
Q000223,C004,2026-09-14T19:22:00,33,4,17,16,8,cloudy,1,26
Q000224,C002,2026-09-25T16:27:00,60,3,21,13,10,cloudy,1,23
Q000225,C001,2026-09-22T18:43:00,16,3,28,9,18,rain,0,19
Q000226,C003,2026-09-11T12:26:00,39,4,30,14,13,rain,2,34
Q000227,C001,2026-09-22T18:27:00,6,5,23,6,15,clear,0,29
Q000228,C003,2026-09-20T03:43:00,6,2,9,10,13,rain,3,14
Q000229,C003,2026-09-09T13:29:00,10,4,15,9,13,cloudy,0,5
Q000230,C004,2026-09-13T19:15:00,26,2,23,9,15,clear,1,44
Q000231,C004,2026-09-30T04:26:00,54,4,18,19,14,clear,0,39
Q000232,C002,2026-09-18T08:01:00,1,3,29,20,11,clear,0,45
Q000233,C002,2026-09-11T15:38:00,44,3,9,7,14,cloudy,2,15
Q000234,C001,2026-09-03T10:26:00,38,3,19,20,17,cloudy,2,32
Q000235,C002,2026-09-16T22:51:00,62,3,29,10,10,rain,0,19
Q000236,C002,2026-09-07T07:48:00,27,1,23,20,10,clear,2,7
Q000237,C004,2026-09-30T11:54:00,32,5,24,5,17,clear,0,6
Q000238,C001,2026-09-06T14:58:00,53,4,17,7,16,rain,3,14
Q000239,C002,2026-09-30T00:58:00,1,3,18,7,18,cloudy,2,44
Q000240,C002,2026-09-20T09:58:00,13,5,28,7,12,clear,0,36
Q000241,C002,2026-09-29T01:41:00,25,3,31,20,11,rain,3,23
Q000242,C002,2026-09-03T03:32:00,70,4,34,10,15,rain,1,5
Q000243,C001,2026-09-05T09:42:00,14,5,26,19,10,clear,0,11
Q000244,C003,2026-09-30T16:17:00,29,4,14,12,15,clear,0,16
Q000245,C001,2026-09-14T13:52:00,46,3,18,7,9,clear,0,13
Q000246,C002,2026-09-16T07:29:00,45,4,35,12,9,rain,2,16
Q000247,C001,2026-09-19T14:15:00,51,4,13,16,15,rain,1,12
Q000248,C002,2026-09-04T00:33:00,20,1,18,19,17,cloudy,3,16
Q000249,C004,2026-09-17T16:11:00,78,1,32,8,15,rain,0,31
Q000250,C004,2026-09-03T10:42:00,8,3,25,14,8,cloudy,1,26
Q000251,C001,2026-09-21T01:17:00,31,4,16,16,10,cloudy,0,5
Q000252,C002,2026-09-24T08:42:00,60,4,32,9,9,rain,2,20
Q000253,C003,2026-09-14T00:19:00,6,5,12,16,14,clear,0,34
Q000254,C004,2026-09-27T10:24:00,57,1,32,19,15,rain,0,36
Q000255,C001,2026-09-06T00:36:00,51,4,6,4,9,cloudy,2,37
Q000256,C002,2026-10-01T03:29:00,58,3,16,5,11,rain,2,40
Q000257,C004,2026-10-01T06:18:00,46,4,8,7,18,clear,0,26
Q000258,C003,2026-09-30T04:37:00,37,5,21,15,9,clear,1,36
Q000259,C002,2026-09-19T23:28:00,13,3,24,10,11,clear,3,18
Q000260,C004,2026-09-10T00:39:00,43,1,29,17,8,cloudy,0,33
Q000261,C004,2026-10-01T07:42:00,75,5,9,19,8,cloudy,0,40
Q000262,C004,2026-09-27T23:36:00,61,5,29,9,17,clear,1,11
Q000263,C004,2026-10-01T06:41:00,76,5,33,14,16,rain,3,43
Q000264,C002,2026-09-13T19:20:00,50,3,14,18,10,clear,3,43
Q000265,C003,2026-09-26T06:51:00,40,5,25,10,11,clear,2,27
Q000266,C002,2026-09-30T22:34:00,22,5,22,14,9,rain,3,42
Q000267,C004,2026-09-25T15:39:00,36,4,30,4,16,clear,0,29
Q000268,C002,2026-09-03T18:27:00,7,2,13,9,12,cloudy,2,14
Q000269,C001,2026-09-14T18:52:00,26,5,6,15,15,clear,1,40
Q000270,C004,2026-09-12T04:01:00,65,3,27,5,14,rain,3,25
Q000271,C001,2026-09-01T22:39:00,32,2,24,18,11,cloudy,2,42
Q000272,C002,2026-09-10T03:51:00,37,4,10,6,10,clear,0,29
Q000273,C001,2026-09-20T20:32:00,35,5,13,8,10,cloudy,2,5
Q000274,C003,2026-09-22T13:51:00,19,1,9,14,17,clear,2,36
Q000275,C003,2026-09-04T16:06:00,40,5,12,9,16,clear,1,31
Q000276,C004,2026-09-05T12:55:00,44,2,33,10,18,rain,2,28
Q000277,C003,2026-09-11T07:06:00,79,5,20,4,9,cloudy,2,33
Q000278,C002,2026-09-30T14:01:00,78,5,12,5,18,rain,3,12
Q000279,C004,2026-09-13T00:45:00,69,3,5,20,13,cloudy,3,36
Q000280,C001,2026-09-14T20:17:00,24,3,21,6,9,clear,0,45
Q000281,C001,2026-09-10T22:43:00,80,2,32,17,9,clear,3,9
Q000282,C002,2026-09-02T10:26:00,58,3,6,6,9,clear,1,21
Q000283,C001,2026-09-27T12:30:00,29,3,18,16,15,cloudy,3,32
Q000284,C003,2026-09-02T02:56:00,49,1,22,4,18,cloudy,0,42
Q000285,C001,2026-09-04T15:47:00,45,5,8,13,18,rain,0,23
Q000286,C004,2026-09-18T17:06:00,50,1,20,9,16,clear,1,30
Q000287,C003,2026-09-30T05:02:00,18,3,26,15,8,cloudy,1,12
Q000288,C001,2026-09-01T13:59:00,73,5,17,6,12,clear,2,18
Q000289,C004,2026-09-30T18:01:00,65,2,10,9,11,cloudy,2,17
Q000290,C001,2026-09-09T14:35:00,72,1,32,18,18,cloudy,0,23
Q000291,C001,2026-09-12T18:19:00,12,2,28,19,13,rain,1,20
Q000292,C001,2026-09-14T07:56:00,79,1,33,10,13,rain,3,26
Q000293,C003,2026-09-27T22:34:00,19,5,23,15,13,rain,1,5
Q000294,C003,2026-09-12T13:23:00,28,4,13,15,10,cloudy,2,35
Q000295,C004,2026-09-21T14:56:00,45,3,20,7,10,cloudy,0,22
Q000296,C002,2026-09-25T20:48:00,25,3,28,6,9,clear,0,42
Q000297,C004,2026-09-28T04:58:00,27,1,22,12,16,cloudy,3,14
Q000298,C003,2026-09-19T05:12:00,28,5,28,13,10,rain,0,30
Q000299,C003,2026-09-24T05:00:00,1,2,32,9,16,clear,3,15
Q000300,C002,2026-09-27T03:06:00,72,2,28,19,13,clear,1,36
Q000301,C002,2026-09-04T05:09:00,33,3,12,5,18,clear,2,29
Q000302,C004,2026-09-22T01:05:00,5,1,25,14,9,cloudy,2,21
Q000303,C002,2026-09-18T11:54:00,48,3,23,6,16,rain,3,19
Q000304,C004,2026-09-17T09:57:00,44,4,30,19,17,clear,1,33
Q000305,C002,2026-09-11T19:42:00,9,5,25,12,11,clear,1,15
Q000306,C003,2026-09-28T18:04:00,15,2,18,14,9,rain,3,35
Q000307,C002,2026-09-28T05:48:00,20,4,5,11,8,clear,1,13
Q000308,C001,2026-09-27T09:34:00,18,1,10,12,10,cloudy,3,43
Q000309,C001,2026-09-14T06:06:00,10,2,19,19,15,clear,1,31
Q000310,C002,2026-09-27T20:54:00,23,5,26,20,12,clear,2,34
Q000311,C001,2026-09-11T19:31:00,48,4,9,7,8,clear,3,14
Q000312,C001,2026-09-09T10:17:00,60,5,24,5,16,cloudy,0,10
Q000313,C004,2026-09-07T06:51:00,77,5,31,4,18,cloudy,3,38
Q000314,C004,2026-09-18T05:03:00,5,5,18,11,15,rain,2,42
Q000315,C001,2026-09-20T17:14:00,17,3,20,11,9,rain,3,21
Q000316,C002,2026-09-01T14:28:00,0,5,21,7,16,clear,3,18
Q000317,C003,2026-09-19T23:04:00,46,1,9,17,18,cloudy,2,21
Q000318,C004,2026-09-27T01:16:00,46,5,13,16,11,rain,3,16
Q000319,C003,2026-09-26T19:10:00,71,4,13,13,17,rain,3,13
Q000320,C001,2026-09-11T19:28:00,57,2,8,10,16,rain,2,40
Q000321,C001,2026-09-08T16:04:00,49,1,30,6,10,rain,3,10
Q000322,C001,2026-09-13T07:51:00,28,3,7,5,14,rain,2,43
Q000323,C001,2026-09-09T07:56:00,63,4,5,10,18,cloudy,2,17
Q000324,C001,2026-09-28T15:19:00,65,5,27,11,17,clear,0,28
Q000325,C002,2026-10-01T03:57:00,0,2,7,12,14,rain,3,30
Q000326,C002,2026-09-24T22:00:00,1,1,34,6,16,rain,2,27
Q000327,C003,2026-09-11T15:40:00,77,2,19,16,17,clear,2,16
Q000328,C004,2026-09-24T09:26:00,13,5,7,20,12,rain,0,37
Q000329,C003,2026-09-25T20:02:00,73,3,27,18,14,cloudy,3,20
Q000330,C003,2026-09-22T05:41:00,58,5,32,4,15,clear,2,9
Q000331,C004,2026-09-30T04:37:00,28,2,30,14,14,rain,0,21
Q000332,C002,2026-09-14T10:17:00,11,4,26,14,9,cloudy,1,35
Q000333,C003,2026-09-17T10:39:00,27,5,13,9,18,clear,3,17
Q000334,C002,2026-09-12T08:53:00,33,2,12,10,11,cloudy,2,14
Q000335,C001,2026-09-06T19:26:00,10,4,24,4,16,clear,3,28
Q000336,C003,2026-09-23T18:16:00,73,3,20,9,16,rain,3,19
Q000337,C002,2026-09-03T19:38:00,67,4,20,5,16,rain,3,16
Q000338,C004,2026-09-06T19:58:00,66,4,15,4,8,cloudy,1,29
Q000339,C001,2026-09-16T03:57:00,46,5,32,12,10,cloudy,2,20
Q000340,C003,2026-09-22T19:20:00,78,3,16,9,15,rain,1,31
Q000341,C003,2026-09-17T23:15:00,51,3,19,9,17,clear,1,11
Q000342,C003,2026-09-12T02:03:00,71,4,32,16,11,clear,1,35
Q000343,C001,2026-09-09T09:24:00,53,4,9,20,16,cloudy,2,36
Q000344,C003,2026-09-12T18:37:00,71,5,6,16,9,cloudy,1,8
Q000345,C002,2026-09-12T22:15:00,60,1,19,14,12,rain,2,40
Q000346,C003,2026-09-17T00:23:00,2,4,8,15,18,cloudy,1,41
Q000347,C002,2026-09-14T07:22:00,45,3,26,20,15,cloudy,3,10
Q000348,C004,2026-09-29T06:47:00,36,4,25,8,10,cloudy,2,31
Q000349,C004,2026-09-04T14:25:00,10,2,15,11,13,rain,2,22
Q000350,C004,2026-09-13T16:46:00,56,3,28,20,15,rain,1,16
Q000351,C001,2026-09-07T01:04:00,30,3,35,6,11,clear,3,11
Q000352,C001,2026-09-04T06:10:00,60,5,6,4,14,cloudy,0,11
Q000353,C003,2026-09-29T11:37:00,19,1,25,16,12,clear,1,23
Q000354,C004,2026-09-29T20:47:00,16,2,21,9,8,clear,2,25
Q000355,C004,2026-09-22T14:47:00,69,3,22,18,10,cloudy,1,42
Q000356,C004,2026-09-30T01:46:00,72,4,21,13,13,rain,1,10
Q000357,C004,2026-09-15T08:46:00,46,4,13,8,12,clear,0,38
Q000358,C002,2026-09-17T00:06:00,36,4,22,4,15,rain,2,5
Q000359,C004,2026-09-14T16:26:00,76,2,30,4,16,rain,1,31
Q000360,C004,2026-09-19T07:40:00,31,2,27,16,14,clear,2,10
Q000361,C004,2026-09-29T19:31:00,30,5,29,12,12,cloudy,2,31
Q000362,C002,2026-09-04T11:16:00,23,2,14,7,18,rain,3,22
Q000363,C004,2026-09-09T21:36:00,41,1,9,5,16,clear,1,11
Q000364,C003,2026-09-13T14:31:00,16,4,28,4,11,clear,1,5
Q000365,C004,2026-09-11T05:43:00,43,4,14,19,13,rain,0,26
Q000366,C001,2026-09-08T00:04:00,7,3,29,16,9,cloudy,3,16
Q000367,C002,2026-09-12T17:39:00,48,1,8,11,14,rain,1,7
Q000368,C002,2026-09-22T07:51:00,12,5,26,10,15,rain,2,25
Q000369,C002,2026-09-29T23:42:00,5,5,21,7,12,rain,2,17
Q000370,C003,2026-09-03T17:23:00,27,1,12,17,13,clear,1,22
Q000371,C001,2026-09-19T08:49:00,31,1,6,19,17,clear,2,10
Q000372,C002,2026-09-08T12:44:00,63,1,26,14,18,clear,0,27
Q000373,C002,2026-09-25T18:20:00,13,2,20,11,13,cloudy,2,33
Q000374,C002,2026-09-02T07:49:00,48,3,28,8,12,clear,3,33
Q000375,C003,2026-09-26T01:18:00,62,2,23,9,16,rain,2,34
Q000376,C003,2026-09-28T14:25:00,70,2,7,20,10,rain,2,21
Q000377,C003,2026-09-22T00:28:00,0,5,17,9,8,cloudy,2,44
Q000378,C002,2026-09-15T22:47:00,8,5,31,16,11,cloudy,3,40
Q000379,C002,2026-09-29T06:06:00,36,3,18,14,9,clear,0,7
Q000380,C002,2026-09-09T11:37:00,4,2,8,19,11,clear,0,41
Q000381,C004,2026-10-01T07:07:00,62,5,24,12,8,rain,1,43
Q000382,C001,2026-09-01T22:47:00,26,4,34,6,15,cloudy,0,28
Q000383,C004,2026-09-18T03:37:00,7,5,13,20,8,cloudy,0,24
Q000384,C001,2026-09-11T04:19:00,66,1,8,11,16,rain,1,17
Q000385,C002,2026-09-27T07:07:00,80,2,22,17,9,cloudy,2,34
Q000386,C004,2026-09-06T02:12:00,21,2,22,16,16,rain,1,39
Q000387,C004,2026-09-17T09:19:00,40,5,15,15,14,cloudy,3,25
Q000388,C002,2026-09-26T23:36:00,69,2,17,12,13,rain,3,30
Q000389,C001,2026-09-02T22:21:00,36,5,5,20,10,rain,0,24
Q000390,C002,2026-09-11T03:08:00,40,1,29,12,16,cloudy,1,11
Q000391,C001,2026-09-22T07:20:00,45,2,9,12,13,cloudy,1,19
Q000392,C003,2026-09-15T00:30:00,11,5,17,10,9,cloudy,2,35
Q000393,C002,2026-09-23T13:49:00,73,1,24,13,8,cloudy,3,10
Q000394,C001,2026-09-16T13:44:00,44,4,18,7,11,cloudy,0,45
Q000395,C004,2026-09-03T19:37:00,39,5,6,14,16,cloudy,1,25
Q000396,C002,2026-09-08T07:49:00,6,4,19,20,9,clear,3,23
Q000397,C004,2026-09-08T02:10:00,16,3,7,19,17,cloudy,0,40
Q000398,C004,2026-09-13T07:16:00,10,4,21,17,10,clear,3,40
Q000399,C002,2026-09-23T13:22:00,50,5,11,20,11,clear,0,22
Q000400,C004,2026-09-16T01:45:00,73,1,8,17,14,rain,2,17
Q000401,C003,2026-09-17T00:48:00,76,1,29,13,10,rain,3,44
Q000402,C002,2026-09-21T09:36:00,5,2,11,15,10,cloudy,0,12
Q000403,C001,2026-09-12T09:58:00,79,2,32,13,8,rain,0,24
Q000404,C004,2026-09-22T19:09:00,2,3,11,10,11,cloudy,2,40
Q000405,C004,2026-09-29T17:01:00,18,1,17,20,8,rain,1,8
Q000406,C003,2026-09-10T11:42:00,79,3,6,18,18,clear,0,29
Q000407,C003,2026-09-17T17:57:00,13,1,14,16,11,rain,0,25
Q000408,C004,2026-09-28T12:41:00,68,1,10,10,16,rain,0,7
Q000409,C002,2026-09-25T10:45:00,39,3,20,16,10,clear,2,27
Q000410,C003,2026-09-29T19:25:00,38,2,21,12,8,cloudy,2,29
Q000411,C001,2026-09-26T14:38:00,35,2,9,14,14,cloudy,1,10
Q000412,C004,2026-09-25T01:15:00,78,2,18,11,17,clear,3,24
Q000413,C003,2026-09-21T19:06:00,69,2,11,8,17,cloudy,1,13
Q000414,C003,2026-09-25T04:38:00,17,4,34,8,18,cloudy,1,25
Q000415,C001,2026-09-26T17:15:00,68,1,10,14,10,cloudy,0,25
Q000416,C004,2026-09-20T01:41:00,38,4,28,12,10,clear,0,13
Q000417,C002,2026-09-02T13:06:00,78,5,13,11,17,clear,1,6
Q000418,C003,2026-09-04T23:18:00,61,2,21,19,18,rain,1,29
Q000419,C004,2026-09-22T22:04:00,17,2,11,11,8,rain,0,22
Q000420,C004,2026-09-11T11:35:00,25,2,7,9,15,cloudy,3,25
Q000421,C004,2026-09-12T14:03:00,54,4,29,5,17,cloudy,3,25
Q000422,C004,2026-09-29T04:25:00,73,5,22,20,18,cloudy,0,38
Q000423,C001,2026-09-21T21:46:00,58,1,33,11,16,cloudy,3,7
Q000424,C004,2026-09-24T20:14:00,80,1,11,13,15,rain,2,23
Q000425,C004,2026-09-08T22:20:00,54,3,24,5,16,clear,3,33
Q000426,C001,2026-09-24T03:21:00,14,2,29,8,14,rain,2,33
Q000427,C001,2026-09-09T11:52:00,58,5,33,10,15,clear,2,25
Q000428,C002,2026-09-06T23:26:00,11,1,27,18,18,rain,0,38
Q000429,C004,2026-09-24T15:22:00,78,2,17,16,8,clear,2,41
Q000430,C002,2026-09-08T17:34:00,18,2,29,5,14,rain,2,33
Q000431,C003,2026-09-29T20:45:00,23,1,33,8,11,clear,2,5
Q000432,C004,2026-09-24T00:02:00,63,5,30,4,17,rain,1,18
Q000433,C004,2026-09-22T00:06:00,52,4,7,4,11,cloudy,2,44
Q000434,C002,2026-09-03T13:55:00,23,2,6,15,8,clear,0,41
Q000435,C003,2026-09-16T10:09:00,11,1,8,17,10,clear,2,44
Q000436,C002,2026-09-22T01:51:00,74,3,34,5,9,rain,2,28
Q000437,C004,2026-09-04T10:24:00,54,5,7,13,15,clear,0,22
Q000438,C003,2026-09-25T08:10:00,52,5,11,10,17,clear,0,41
Q000439,C001,2026-09-23T08:47:00,77,3,18,14,12,cloudy,2,13
Q000440,C004,2026-09-25T00:09:00,80,4,20,9,17,clear,2,17
Q000441,C001,2026-09-06T17:36:00,3,4,25,7,11,cloudy,3,31
Q000442,C001,2026-09-16T13:05:00,44,5,30,10,8,cloudy,1,23
Q000443,C003,2026-09-04T10:35:00,39,3,21,14,8,clear,2,26
Q000444,C004,2026-09-27T05:54:00,78,1,31,9,11,rain,2,35
Q000445,C004,2026-09-02T23:20:00,17,4,9,18,16,rain,3,31
Q000446,C001,2026-09-25T01:39:00,38,5,28,14,16,cloudy,0,18
Q000447,C003,2026-09-17T10:43:00,8,2,13,4,13,rain,1,41
Q000448,C004,2026-09-09T21:10:00,76,1,32,13,13,cloudy,0,22
Q000449,C004,2026-09-05T07:18:00,63,2,16,18,12,clear,2,16
Q000450,C001,2026-09-18T09:14:00,4,2,34,6,15,cloudy,0,35
Q000451,C002,2026-09-10T00:15:00,43,4,28,20,12,rain,1,11
Q000452,C002,2026-09-10T16:37:00,4,4,17,20,9,clear,2,7
Q000453,C001,2026-09-16T12:32:00,59,1,8,20,18,cloudy,2,6
Q000454,C003,2026-09-30T10:17:00,26,3,11,10,12,rain,2,33
Q000455,C001,2026-09-13T18:18:00,19,2,13,7,8,cloudy,0,18
Q000456,C003,2026-09-26T08:33:00,40,3,9,13,17,clear,1,9
Q000457,C003,2026-09-29T06:20:00,43,5,19,5,10,clear,3,8
Q000458,C001,2026-09-18T19:29:00,6,1,18,16,10,cloudy,3,44
Q000459,C003,2026-09-15T13:46:00,42,2,27,6,15,cloudy,1,10
Q000460,C004,2026-09-05T18:44:00,58,3,26,18,15,clear,1,14
Q000461,C003,2026-09-17T21:29:00,50,2,27,14,13,rain,3,6
Q000462,C001,2026-09-22T23:41:00,14,3,20,18,10,rain,2,43
Q000463,C002,2026-09-24T11:18:00,13,4,31,7,13,cloudy,0,24
Q000464,C004,2026-09-19T14:17:00,75,4,12,11,16,clear,3,29
Q000465,C001,2026-09-16T20:39:00,26,5,18,17,17,rain,1,16
Q000466,C001,2026-09-27T11:40:00,62,1,23,18,13,cloudy,0,33
Q000467,C002,2026-09-15T08:57:00,51,1,24,7,18,cloudy,3,25
Q000468,C004,2026-09-30T17:00:00,7,1,11,8,17,cloudy,0,14
Q000469,C002,2026-09-21T23:16:00,68,3,17,18,11,clear,2,24
Q000470,C003,2026-09-21T03:20:00,44,1,23,4,17,cloudy,3,13
Q000471,C003,2026-09-04T04:40:00,47,5,35,5,8,cloudy,2,12
Q000472,C003,2026-09-02T18:33:00,30,4,27,16,18,rain,3,30
Q000473,C004,2026-09-21T03:50:00,69,2,26,9,15,clear,1,40
Q000474,C004,2026-09-17T18:01:00,53,2,14,8,10,clear,0,6
Q000475,C002,2026-09-23T12:06:00,55,2,7,8,18,rain,3,43
Q000476,C004,2026-09-29T17:15:00,23,4,21,17,16,rain,3,27
Q000477,C002,2026-09-09T19:26:00,54,5,5,19,11,cloudy,2,31
Q000478,C003,2026-09-02T21:02:00,4,5,20,15,9,cloudy,3,10
Q000479,C002,2026-09-25T07:28:00,35,4,21,6,16,cloudy,0,20
Q000480,C004,2026-09-30T01:21:00,9,5,30,13,17,clear,2,39
Q000481,C001,2026-09-22T16:37:00,58,5,33,19,17,cloudy,2,31
Q000482,C003,2026-09-14T18:18:00,37,2,6,13,17,rain,0,45
Q000483,C004,2026-09-27T15:59:00,21,5,6,13,17,clear,2,36
Q000484,C001,2026-09-07T03:01:00,64,1,32,12,12,clear,2,22
Q000485,C003,2026-09-02T00:00:00,14,5,10,8,18,rain,2,16
Q000486,C003,2026-09-12T02:29:00,62,2,30,20,8,rain,0,14
Q000487,C002,2026-09-23T22:12:00,52,4,12,18,18,clear,1,41
Q000488,C003,2026-09-03T19:50:00,33,1,6,9,15,rain,3,24
Q000489,C004,2026-09-25T14:09:00,29,4,26,16,15,rain,1,38
Q000490,C004,2026-09-01T21:27:00,36,4,17,14,16,cloudy,0,11
Q000491,C003,2026-09-21T00:07:00,78,3,15,12,12,clear,2,42
Q000492,C004,2026-09-22T08:09:00,30,5,29,10,16,rain,1,25
Q000493,C001,2026-09-01T17:45:00,8,1,18,7,16,clear,3,27
Q000494,C002,2026-09-14T05:56:00,32,2,6,4,17,clear,0,43
Q000495,C002,2026-09-28T15:11:00,15,1,7,8,14,cloudy,1,12
Q000496,C002,2026-09-12T21:12:00,37,4,26,6,18,rain,2,32
Q000497,C003,2026-09-13T01:34:00,20,1,13,5,14,rain,2,8
Q000498,C003,2026-09-13T09:35:00,22,4,7,19,11,cloudy,3,16
Q000499,C004,2026-09-06T06:56:00,18,5,29,17,11,cloudy,0,33
Q000500,C003,2026-09-06T01:19:00,4,1,7,12,15,clear,3,14
Q000501,C001,2026-09-03T01:49:00,49,3,9,14,14,cloudy,0,37
Q000502,C004,2026-09-23T02:45:00,55,4,32,6,16,clear,0,29
Q000503,C004,2026-09-06T20:53:00,72,5,34,15,13,cloudy,2,30
Q000504,C001,2026-09-30T03:06:00,11,3,22,14,9,rain,2,17
Q000505,C002,2026-09-26T14:08:00,5,4,26,10,12,cloudy,3,11
Q000506,C003,2026-09-23T11:53:00,10,4,28,10,10,clear,1,6
Q000507,C002,2026-09-23T14:52:00,49,1,30,13,15,cloudy,3,6
Q000508,C001,2026-09-16T19:05:00,7,3,30,5,14,clear,1,38
Q000509,C004,2026-09-25T18:34:00,19,5,12,6,8,cloudy,1,36
Q000510,C001,2026-09-22T19:11:00,79,1,12,8,8,clear,0,24
Q000511,C001,2026-09-22T02:46:00,78,2,31,6,9,clear,3,43
Q000512,C002,2026-09-04T05:25:00,25,4,15,16,13,clear,1,25
Q000513,C002,2026-09-03T10:17:00,75,2,15,6,9,rain,1,31
Q000514,C002,2026-09-18T04:33:00,70,2,19,11,17,clear,1,11
Q000515,C004,2026-09-08T12:48:00,2,4,7,4,8,clear,0,42
Q000516,C003,2026-09-20T07:07:00,60,2,11,8,18,rain,3,31
Q000517,C002,2026-09-09T07:09:00,78,1,24,9,15,cloudy,0,45
Q000518,C003,2026-09-17T04:26:00,53,1,22,11,11,clear,0,44
Q000519,C003,2026-09-25T22:01:00,64,2,19,10,12,clear,1,12
Q000520,C002,2026-09-22T22:41:00,63,2,10,5,8,cloudy,2,23
Q000521,C002,2026-09-21T03:16:00,32,3,24,18,8,clear,0,39
Q000522,C002,2026-09-08T13:07:00,3,4,21,7,9,clear,3,42
Q000523,C003,2026-09-20T10:13:00,25,3,12,7,13,clear,0,20
Q000524,C004,2026-09-10T10:54:00,48,2,7,19,17,rain,0,32
Q000525,C002,2026-09-11T04:36:00,78,4,10,16,13,clear,3,17
Q000526,C003,2026-09-13T15:04:00,25,3,9,5,17,clear,2,13
Q000527,C001,2026-09-22T12:59:00,58,4,10,14,11,rain,1,45
Q000528,C002,2026-09-27T15:57:00,70,2,7,17,16,rain,1,42
Q000529,C004,2026-09-22T09:57:00,35,1,28,17,11,clear,2,32
Q000530,C002,2026-09-28T06:52:00,19,5,33,4,14,clear,0,35
Q000531,C001,2026-09-20T17:28:00,67,4,20,7,15,rain,1,10
Q000532,C001,2026-09-19T20:38:00,27,2,16,13,11,cloudy,0,6
Q000533,C004,2026-09-15T05:27:00,20,4,32,4,15,rain,1,30
Q000534,C002,2026-09-18T05:05:00,80,4,27,4,18,clear,3,26
Q000535,C001,2026-09-14T20:27:00,54,3,27,10,18,clear,2,8
Q000536,C003,2026-09-03T16:49:00,14,4,16,18,17,clear,2,28
Q000537,C002,2026-09-30T20:28:00,71,1,22,10,10,rain,1,39
Q000538,C001,2026-09-30T21:25:00,61,5,32,10,11,rain,2,22
Q000539,C004,2026-09-13T23:12:00,6,1,16,15,15,rain,0,35
Q000540,C003,2026-09-21T22:10:00,79,3,30,6,11,rain,0,10
Q000541,C004,2026-09-09T11:48:00,36,1,8,9,12,clear,1,36
Q000542,C002,2026-09-10T15:36:00,66,1,14,17,18,cloudy,1,35
Q000543,C003,2026-09-20T11:23:00,56,1,14,10,9,clear,1,38
Q000544,C003,2026-09-20T02:10:00,74,3,25,14,15,cloudy,3,34
Q000545,C003,2026-09-27T04:05:00,16,3,10,12,11,rain,2,23
Q000546,C001,2026-09-08T02:31:00,45,3,19,9,17,clear,2,16
Q000547,C002,2026-09-08T08:08:00,20,2,8,5,13,cloudy,1,33
Q000548,C003,2026-09-18T04:16:00,23,2,22,5,18,rain,2,14
Q000549,C003,2026-09-21T18:18:00,69,2,22,13,9,clear,3,36
Q000550,C002,2026-09-22T04:48:00,40,2,5,20,13,cloudy,2,35
Q000551,C003,2026-09-27T11:09:00,18,5,28,18,13,cloudy,0,35
Q000552,C001,2026-09-07T16:47:00,70,1,14,4,14,cloudy,1,33
Q000553,C003,2026-09-05T13:30:00,41,1,24,10,17,cloudy,1,22
Q000554,C002,2026-09-02T09:07:00,10,5,32,18,18,cloudy,0,37
Q000555,C004,2026-09-10T04:53:00,62,3,24,20,8,cloudy,2,30
Q000556,C002,2026-09-20T19:35:00,47,4,16,4,12,rain,2,24
Q000557,C004,2026-09-26T21:17:00,11,2,28,18,14,rain,2,15
Q000558,C004,2026-09-20T04:54:00,17,5,24,6,10,clear,2,35
Q000559,C003,2026-09-04T08:42:00,75,4,7,4,14,cloudy,2,31
Q000560,C002,2026-09-26T15:35:00,59,5,29,8,11,clear,3,23
Q000561,C004,2026-09-03T06:37:00,38,5,14,19,16,cloudy,3,19
Q000562,C001,2026-09-01T11:10:00,19,3,14,19,9,cloudy,2,31
Q000563,C002,2026-09-23T17:46:00,31,1,8,12,15,clear,2,42
Q000564,C004,2026-09-27T02:15:00,55,3,25,19,9,rain,0,21
Q000565,C002,2026-09-27T19:49:00,7,2,15,18,10,rain,1,8
Q000566,C003,2026-09-17T18:59:00,53,3,6,13,12,cloudy,0,37
Q000567,C002,2026-09-29T22:28:00,23,1,24,9,16,rain,2,24
Q000568,C003,2026-09-17T20:28:00,12,5,23,15,10,clear,1,38
Q000569,C003,2026-09-18T07:55:00,62,4,15,9,9,clear,1,37
Q000570,C002,2026-09-09T22:18:00,71,5,27,20,16,cloudy,0,31
Q000571,C004,2026-09-04T19:56:00,14,2,34,4,15,rain,2,28
Q000572,C002,2026-09-21T11:12:00,76,5,29,14,10,cloudy,2,6
Q000573,C001,2026-09-11T11:22:00,16,2,27,11,12,clear,1,13
Q000574,C001,2026-09-20T16:30:00,14,1,5,19,14,clear,1,11
Q000575,C001,2026-09-24T17:21:00,75,1,20,7,12,clear,0,24
Q000576,C001,2026-09-05T17:54:00,15,5,11,10,10,cloudy,2,6
Q000577,C001,2026-09-07T23:29:00,35,5,16,15,10,cloudy,1,37
Q000578,C001,2026-09-05T20:44:00,74,1,21,10,11,rain,1,39
Q000579,C001,2026-09-05T20:17:00,27,5,32,19,13,cloudy,1,33
Q000580,C001,2026-09-09T14:02:00,45,4,18,10,16,clear,3,12
Q000581,C003,2026-09-06T23:31:00,59,1,21,8,15,rain,2,40
Q000582,C001,2026-09-05T02:20:00,41,4,8,16,12,rain,2,33
Q000583,C002,2026-09-26T13:31:00,52,3,32,17,11,clear,3,28
Q000584,C002,2026-09-01T22:27:00,62,1,17,18,16,cloudy,0,12
Q000585,C002,2026-09-19T07:44:00,51,5,8,9,9,rain,1,26
Q000586,C002,2026-09-28T10:21:00,51,1,12,17,15,rain,2,30
Q000587,C003,2026-09-23T00:13:00,77,4,20,20,12,clear,3,11
Q000588,C001,2026-09-12T18:19:00,62,4,12,8,8,clear,0,9
Q000589,C004,2026-09-02T13:43:00,22,4,24,14,10,rain,0,9
Q000590,C004,2026-09-22T13:31:00,25,3,26,19,15,cloudy,2,39
Q000591,C003,2026-09-25T22:54:00,69,1,35,5,14,clear,3,33
Q000592,C003,2026-09-18T11:33:00,56,4,6,5,10,cloudy,2,15
Q000593,C004,2026-09-20T22:55:00,17,3,27,16,15,clear,3,40
Q000594,C004,2026-09-23T00:19:00,71,2,21,5,14,rain,3,42
Q000595,C004,2026-09-29T10:21:00,45,3,15,5,8,cloudy,0,13
Q000596,C003,2026-09-17T05:33:00,74,1,29,14,14,clear,3,27
Q000597,C003,2026-09-20T02:26:00,44,1,26,11,11,clear,2,42
Q000598,C001,2026-09-04T08:02:00,39,1,15,9,8,cloudy,2,7
Q000599,C004,2026-10-01T06:57:00,54,5,21,17,12,clear,3,42
Q000600,C001,2026-09-15T18:13:00,48,5,17,14,17,clear,3,11
Q000601,C002,2026-09-16T15:27:00,63,5,30,14,10,cloudy,2,28
Q000602,C004,2026-09-10T12:52:00,63,1,31,10,12,rain,0,24
Q000603,C004,2026-09-11T15:13:00,79,1,27,7,17,rain,2,9
Q000604,C004,2026-09-20T19:00:00,26,3,30,6,18,rain,2,32
Q000605,C003,2026-09-10T11:02:00,53,4,13,20,15,cloudy,1,6
Q000606,C002,2026-09-27T14:34:00,63,2,26,18,12,cloudy,3,41
Q000607,C001,2026-09-25T02:57:00,25,3,19,8,11,clear,2,32
Q000608,C004,2026-09-15T20:33:00,8,2,32,17,12,rain,1,21
Q000609,C002,2026-09-19T19:48:00,30,1,9,10,8,clear,2,34
Q000610,C004,2026-09-26T19:58:00,55,4,25,5,11,clear,2,13
Q000611,C001,2026-09-13T02:44:00,35,5,10,5,15,clear,0,10
Q000612,C003,2026-09-28T17:36:00,38,1,33,17,13,cloudy,0,30
Q000613,C002,2026-09-12T02:19:00,14,5,28,20,9,cloudy,2,36
Q000614,C001,2026-09-12T04:32:00,76,1,29,14,13,cloudy,3,20
Q000615,C004,2026-09-11T06:37:00,18,1,10,10,12,rain,3,21
Q000616,C001,2026-09-23T16:06:00,68,3,27,7,13,cloudy,3,35
Q000617,C002,2026-09-13T23:51:00,18,3,20,15,12,clear,0,8
Q000618,C002,2026-09-12T20:49:00,70,4,14,15,18,clear,1,33
Q000619,C004,2026-09-01T17:05:00,50,3,14,6,11,rain,1,15
Q000620,C004,2026-09-30T02:06:00,40,4,30,5,12,clear,3,35
Q000621,C004,2026-09-16T11:55:00,54,1,31,9,12,cloudy,0,27
Q000622,C004,2026-09-28T18:10:00,70,3,19,4,8,cloudy,1,45
Q000623,C004,2026-09-30T12:45:00,17,1,17,10,18,rain,2,41
Q000624,C001,2026-09-06T09:33:00,20,2,21,8,17,cloudy,3,25
Q000625,C004,2026-09-23T03:00:00,17,3,10,14,12,clear,0,31
Q000626,C003,2026-09-09T15:10:00,50,4,35,11,8,clear,1,10
Q000627,C004,2026-09-10T09:03:00,33,2,6,16,17,rain,2,14
Q000628,C001,2026-09-18T02:22:00,21,5,8,4,16,rain,3,36
Q000629,C001,2026-09-11T13:41:00,26,2,35,12,12,cloudy,3,29
Q000630,C002,2026-09-20T23:36:00,26,5,11,13,18,clear,3,16
Q000631,C004,2026-09-07T23:54:00,3,3,13,11,17,rain,1,28
Q000632,C004,2026-09-05T06:08:00,1,4,9,14,14,cloudy,1,29
Q000633,C004,2026-09-28T12:47:00,32,1,8,5,8,rain,1,35
Q000634,C003,2026-09-28T22:49:00,76,1,5,12,16,cloudy,3,24
Q000635,C004,2026-09-18T05:37:00,16,5,6,9,12,clear,3,26
Q000636,C004,2026-09-07T08:35:00,11,3,27,20,14,clear,2,12
Q000637,C003,2026-09-03T08:44:00,16,4,32,12,13,rain,2,21
Q000638,C003,2026-09-24T21:10:00,40,4,33,9,13,cloudy,3,14
Q000639,C004,2026-09-03T18:37:00,24,2,6,11,10,clear,3,21
Q000640,C002,2026-09-22T14:44:00,55,1,33,19,8,rain,2,40
Q000641,C004,2026-09-22T04:29:00,63,1,32,8,9,rain,0,18
Q000642,C003,2026-09-09T13:49:00,21,5,31,12,17,cloudy,1,42
Q000643,C001,2026-09-25T07:02:00,73,2,18,6,11,rain,0,26
Q000644,C001,2026-09-14T07:00:00,15,4,16,7,13,clear,0,10
Q000645,C004,2026-09-23T04:37:00,58,3,24,4,13,clear,3,25
Q000646,C002,2026-09-10T23:22:00,6,3,15,5,9,cloudy,3,10
Q000647,C004,2026-09-12T23:12:00,22,2,35,16,9,clear,1,15
Q000648,C004,2026-09-19T16:01:00,36,2,8,13,15,rain,2,43
Q000649,C002,2026-09-17T16:40:00,12,3,21,10,15,rain,3,35
Q000650,C003,2026-09-26T23:30:00,76,4,7,17,13,cloudy,1,32
Q000651,C004,2026-09-05T14:01:00,5,5,15,18,18,clear,1,36
Q000652,C001,2026-09-14T14:01:00,59,4,7,19,12,clear,1,24
Q000653,C002,2026-09-25T03:51:00,54,3,23,5,16,clear,0,37
Q000654,C001,2026-09-24T14:16:00,54,4,8,18,18,cloudy,2,27
Q000655,C003,2026-09-28T00:05:00,10,5,5,7,18,rain,1,16
Q000656,C004,2026-09-03T09:56:00,10,4,33,13,13,cloudy,3,33
Q000657,C003,2026-09-16T21:19:00,23,2,10,6,17,rain,0,32
Q000658,C001,2026-09-01T14:53:00,50,1,5,9,18,rain,3,30
Q000659,C004,2026-09-15T03:14:00,79,5,16,16,12,clear,1,13
Q000660,C001,2026-09-10T00:54:00,14,1,27,10,8,clear,3,14
Q000661,C002,2026-09-21T04:29:00,80,5,11,6,12,rain,1,35
Q000662,C004,2026-09-02T08:19:00,14,2,33,8,15,rain,3,6
Q000663,C004,2026-09-27T23:43:00,31,2,14,16,8,rain,0,11
Q000664,C004,2026-09-20T06:32:00,63,5,24,13,8,rain,3,36
Q000665,C004,2026-09-11T21:48:00,7,5,5,17,17,rain,0,22
Q000666,C004,2026-09-22T21:30:00,14,4,24,15,15,cloudy,3,6
Q000667,C002,2026-09-14T11:05:00,24,4,16,18,11,cloudy,1,42
Q000668,C003,2026-09-28T18:09:00,59,2,33,13,14,rain,2,35
Q000669,C002,2026-09-29T15:43:00,26,3,27,6,18,rain,1,16
Q000670,C002,2026-09-08T11:14:00,77,4,8,17,15,rain,1,18
Q000671,C001,2026-09-02T04:18:00,45,3,16,9,10,cloudy,0,9
Q000672,C003,2026-09-20T22:51:00,14,5,12,7,16,clear,3,21
Q000673,C003,2026-09-17T12:31:00,5,5,13,8,16,cloudy,0,8
Q000674,C004,2026-09-22T03:48:00,14,1,30,7,16,clear,0,15
Q000675,C001,2026-09-10T16:50:00,46,2,28,13,15,cloudy,3,11
Q000676,C002,2026-09-30T19:17:00,46,3,31,8,9,clear,3,31
Q000677,C001,2026-09-12T12:27:00,60,3,14,20,10,clear,2,28
Q000678,C004,2026-09-17T18:25:00,80,2,9,20,14,clear,1,32
Q000679,C004,2026-09-19T23:34:00,58,5,30,15,8,rain,1,5
Q000680,C001,2026-09-05T05:06:00,43,3,17,9,14,clear,3,7
Q000681,C002,2026-09-27T12:04:00,7,5,14,17,14,cloudy,2,25
Q000682,C003,2026-09-01T17:07:00,35,5,24,8,14,rain,1,39
Q000683,C004,2026-09-17T01:36:00,51,2,33,13,9,clear,2,29
Q000684,C002,2026-09-25T00:59:00,69,3,11,6,16,cloudy,2,38
Q000685,C003,2026-09-30T06:50:00,20,1,5,12,11,rain,3,37
Q000686,C001,2026-09-04T01:58:00,47,3,25,20,13,clear,0,12
Q000687,C004,2026-09-14T21:57:00,73,1,19,14,11,cloudy,1,27
Q000688,C003,2026-09-14T07:17:00,73,2,27,16,16,cloudy,1,11
Q000689,C003,2026-09-24T20:36:00,74,2,31,15,15,clear,1,32
Q000690,C004,2026-09-05T02:00:00,11,1,18,8,15,clear,3,9
Q000691,C003,2026-09-25T07:18:00,51,5,22,20,14,rain,3,45
Q000692,C004,2026-09-21T09:11:00,62,4,31,9,10,cloudy,1,36
Q000693,C004,2026-09-07T05:49:00,65,5,8,10,15,rain,0,15
Q000694,C003,2026-09-06T18:13:00,77,4,8,7,13,cloudy,2,7
Q000695,C002,2026-09-06T17:06:00,47,3,16,13,12,rain,0,14
Q000696,C002,2026-09-28T04:31:00,53,1,34,13,12,clear,1,36
Q000697,C001,2026-09-06T22:06:00,70,3,7,5,14,rain,2,41
Q000698,C004,2026-09-16T17:29:00,48,4,31,8,10,cloudy,3,33
Q000699,C004,2026-09-08T03:13:00,41,1,30,17,14,clear,3,26
Q000700,C001,2026-09-21T12:28:00,35,1,32,9,8,cloudy,2,40
Q000701,C001,2026-09-30T15:49:00,71,1,11,5,17,cloudy,1,35
Q000702,C001,2026-09-06T19:52:00,68,2,35,4,12,clear,1,42
Q000703,C004,2026-09-05T04:57:00,68,5,15,16,17,clear,3,6
Q000704,C003,2026-09-21T05:50:00,23,4,5,20,13,rain,2,10
Q000705,C001,2026-09-05T20:59:00,69,2,14,8,10,rain,0,14
Q000706,C003,2026-09-19T21:21:00,21,1,24,14,10,clear,0,24
Q000707,C004,2026-09-05T20:21:00,40,2,18,14,12,rain,0,8
Q000708,C002,2026-09-12T06:13:00,76,5,12,19,16,cloudy,3,12
Q000709,C003,2026-09-04T02:43:00,40,4,22,17,9,rain,0,31
Q000710,C002,2026-09-02T04:50:00,34,5,35,7,11,cloudy,1,24
Q000711,C004,2026-09-21T15:37:00,10,5,11,8,13,cloudy,1,20
Q000712,C004,2026-09-26T14:52:00,57,1,5,18,17,rain,1,5
Q000713,C001,2026-09-23T07:10:00,34,5,13,16,13,cloudy,1,42
Q000714,C003,2026-09-03T10:10:00,20,5,23,6,12,clear,3,12
Q000715,C002,2026-09-26T16:19:00,35,4,11,20,13,cloudy,2,45
Q000716,C003,2026-09-21T22:59:00,34,2,26,14,13,clear,3,43
Q000717,C003,2026-09-02T01:50:00,17,1,24,19,8,clear,1,31
Q000718,C004,2026-09-19T05:31:00,68,1,30,6,16,clear,3,12
Q000719,C003,2026-09-18T11:36:00,76,3,17,9,8,clear,3,28
Q000720,C002,2026-09-21T14:05:00,1,2,28,4,12,cloudy,2,17
Q000721,C001,2026-09-29T06:32:00,80,3,30,11,11,rain,2,7
Q000722,C003,2026-09-23T18:48:00,77,2,5,10,18,rain,0,22
Q000723,C004,2026-09-09T02:42:00,70,2,26,9,9,cloudy,1,9
Q000724,C002,2026-09-13T04:04:00,72,2,33,20,12,clear,0,39
Q000725,C003,2026-09-26T20:17:00,58,1,35,17,18,cloudy,0,25
Q000726,C004,2026-09-19T20:55:00,35,1,26,20,15,rain,2,38
Q000727,C001,2026-09-11T13:45:00,6,3,34,17,16,rain,2,5
Q000728,C004,2026-09-10T05:03:00,42,1,33,4,11,cloudy,3,9
Q000729,C002,2026-09-10T07:32:00,21,3,14,6,18,cloudy,0,6
Q000730,C004,2026-09-21T00:18:00,3,5,30,14,12,clear,0,35
Q000731,C002,2026-09-16T20:44:00,6,3,21,11,9,cloudy,3,11
Q000732,C004,2026-09-27T16:51:00,15,1,6,5,14,rain,0,13
Q000733,C001,2026-09-21T11:11:00,7,3,24,17,9,clear,0,40
Q000734,C001,2026-09-14T18:37:00,48,4,8,17,11,cloudy,0,34
Q000735,C004,2026-09-22T11:32:00,54,5,24,7,13,cloudy,0,34
Q000736,C003,2026-09-28T02:32:00,24,1,8,4,17,cloudy,0,42
Q000737,C002,2026-09-27T10:36:00,16,5,13,15,14,rain,3,16
Q000738,C002,2026-09-07T14:52:00,5,1,9,13,17,rain,2,24
Q000739,C002,2026-09-08T01:30:00,60,3,24,14,12,rain,0,38
Q000740,C002,2026-09-03T23:06:00,30,5,31,5,14,rain,1,17
Q000741,C002,2026-09-04T11:12:00,43,2,26,19,15,cloudy,2,42
Q000742,C003,2026-09-29T09:26:00,38,4,15,9,9,rain,0,36
Q000743,C002,2026-09-01T12:32:00,28,2,19,10,11,rain,2,29
Q000744,C002,2026-09-19T13:44:00,23,1,16,4,9,rain,0,40
Q000745,C001,2026-09-07T20:02:00,37,4,11,15,8,clear,1,17
Q000746,C003,2026-09-09T06:42:00,28,3,28,9,13,cloudy,1,16
Q000747,C002,2026-09-02T07:58:00,22,3,34,7,8,cloudy,1,29
Q000748,C001,2026-09-16T18:06:00,26,3,19,11,13,rain,1,38
Q000749,C004,2026-09-04T07:54:00,15,2,33,8,11,clear,3,28
Q000750,C003,2026-09-28T15:22:00,54,2,34,5,17,cloudy,1,39
Q000751,C003,2026-09-08T02:46:00,41,2,6,12,10,cloudy,3,18
Q000752,C001,2026-09-22T18:35:00,78,1,10,20,14,cloudy,2,36
Q000753,C004,2026-09-09T12:00:00,41,3,21,19,15,rain,2,42
Q000754,C004,2026-09-30T09:28:00,74,1,11,11,11,rain,1,30
Q000755,C002,2026-09-15T06:43:00,54,4,23,9,13,rain,0,13
Q000756,C001,2026-09-14T18:46:00,56,5,16,11,17,clear,3,37
Q000757,C003,2026-09-20T17:55:00,57,4,18,17,13,rain,2,22
Q000758,C004,2026-09-02T11:29:00,22,4,12,12,18,clear,2,10
Q000759,C003,2026-09-24T04:33:00,65,5,25,6,12,clear,0,12
Q000760,C001,2026-09-17T17:58:00,4,5,11,14,11,cloudy,2,21
Q000761,C003,2026-09-13T20:17:00,24,5,9,12,8,rain,2,27
Q000762,C004,2026-09-19T19:41:00,74,1,20,20,10,rain,1,19
Q000763,C002,2026-09-22T22:42:00,29,5,23,18,15,rain,0,25
Q000764,C002,2026-09-20T20:51:00,53,2,19,18,16,clear,2,13
Q000765,C002,2026-09-15T06:15:00,1,4,30,15,13,clear,3,32
Q000766,C004,2026-09-25T19:42:00,38,3,23,4,17,clear,1,14
Q000767,C003,2026-09-27T05:06:00,80,5,34,16,14,clear,3,9
Q000768,C004,2026-09-09T22:12:00,60,1,15,18,18,rain,0,15
Q000769,C001,2026-09-26T12:25:00,22,1,31,19,8,clear,1,9
Q000770,C004,2026-09-14T06:30:00,26,2,14,20,9,rain,0,28
Q000771,C001,2026-09-09T04:10:00,41,4,17,9,9,clear,3,35
Q000772,C001,2026-09-19T01:23:00,26,2,32,10,12,rain,3,15
Q000773,C003,2026-09-28T02:11:00,25,5,27,18,12,clear,0,14
Q000774,C004,2026-09-04T06:22:00,51,5,30,11,16,rain,3,34
Q000775,C004,2026-09-27T13:47:00,5,1,14,18,13,cloudy,2,30
Q000776,C002,2026-09-20T05:50:00,31,2,33,17,15,rain,1,41
Q000777,C001,2026-09-19T06:21:00,5,2,33,9,12,cloudy,2,9
Q000778,C002,2026-09-23T19:31:00,52,5,8,15,9,clear,2,31
Q000779,C004,2026-09-08T20:32:00,32,2,21,5,15,clear,0,45
Q000780,C004,2026-09-18T16:49:00,43,4,32,10,14,clear,0,21
Q000781,C001,2026-09-07T13:34:00,41,4,20,18,9,clear,1,33
Q000782,C002,2026-09-22T18:43:00,35,2,10,4,17,clear,1,23
Q000783,C001,2026-09-25T16:29:00,50,2,7,4,18,rain,1,33
Q000784,C003,2026-09-09T10:51:00,27,1,33,10,15,cloudy,0,45
Q000785,C001,2026-09-19T03:09:00,39,4,6,4,8,rain,1,20
Q000786,C003,2026-09-12T05:02:00,25,1,5,17,8,clear,2,17
Q000787,C001,2026-09-11T09:25:00,12,2,28,9,8,rain,0,25
Q000788,C003,2026-09-26T22:24:00,80,2,24,10,16,rain,3,12
Q000789,C002,2026-09-11T02:00:00,13,3,15,9,8,rain,2,5
Q000790,C004,2026-09-11T00:53:00,58,2,7,12,18,cloudy,2,7
Q000791,C001,2026-09-11T07:13:00,52,3,29,19,9,cloudy,1,21
Q000792,C001,2026-09-28T15:42:00,41,4,26,8,13,clear,2,35
Q000793,C001,2026-09-16T14:31:00,2,5,34,18,14,cloudy,1,37
Q000794,C001,2026-09-11T22:34:00,2,5,29,7,12,clear,3,20
Q000795,C001,2026-09-04T01:57:00,17,3,20,13,11,clear,3,18
Q000796,C001,2026-09-12T04:31:00,76,4,28,14,10,rain,2,7
Q000797,C004,2026-09-30T20:20:00,36,1,12,14,13,clear,1,39
Q000798,C001,2026-09-12T15:45:00,28,5,32,16,16,rain,1,33
Q000799,C001,2026-09-04T07:04:00,62,1,35,10,8,cloudy,1,18
Q000800,C002,2026-09-05T12:43:00,22,5,22,10,11,cloudy,0,32
Q000801,C004,2026-09-15T12:42:00,21,2,12,17,10,cloudy,1,24
Q000802,C003,2026-09-27T14:06:00,57,2,13,19,9,rain,3,29
Q000803,C002,2026-09-22T18:38:00,56,4,21,17,10,rain,0,29
Q000804,C004,2026-09-05T03:24:00,38,5,22,8,16,cloudy,1,21
Q000805,C004,2026-09-22T10:55:00,39,4,14,16,16,cloudy,3,9
Q000806,C003,2026-09-07T13:45:00,60,2,9,10,8,clear,2,36
Q000807,C004,2026-09-20T06:41:00,50,3,17,19,12,cloudy,0,31
Q000808,C001,2026-09-07T00:27:00,49,5,10,10,14,rain,2,37
Q000809,C004,2026-09-30T06:04:00,47,1,25,16,14,cloudy,1,20
Q000810,C004,2026-09-02T22:11:00,46,1,27,8,12,cloudy,3,14
Q000811,C003,2026-09-12T14:44:00,77,5,35,9,8,clear,0,29
Q000812,C004,2026-09-28T00:44:00,10,5,34,10,14,clear,3,21
Q000813,C003,2026-09-24T03:20:00,68,4,23,13,14,cloudy,0,11
Q000814,C003,2026-09-07T20:22:00,34,2,34,16,12,clear,1,36
Q000815,C001,2026-09-05T18:18:00,8,4,21,17,18,rain,3,15
Q000816,C002,2026-09-18T09:43:00,23,2,11,19,10,cloudy,0,33
Q000817,C002,2026-09-09T19:15:00,25,1,28,9,11,rain,3,33
Q000818,C001,2026-09-30T07:39:00,21,1,14,6,14,clear,2,9
Q000819,C003,2026-09-02T16:54:00,74,2,20,19,18,clear,0,8
Q000820,C003,2026-09-01T16:23:00,74,1,8,10,16,clear,3,43
Q000821,C003,2026-09-23T11:15:00,60,3,24,17,13,rain,2,25
Q000822,C002,2026-09-17T19:02:00,51,4,24,5,13,rain,0,5
Q000823,C004,2026-09-19T15:22:00,17,1,24,7,16,rain,1,28
Q000824,C004,2026-09-29T11:54:00,60,5,18,10,8,cloudy,2,6
Q000825,C003,2026-09-03T10:28:00,41,4,12,19,14,cloudy,0,27
Q000826,C004,2026-09-23T00:33:00,12,4,14,10,10,cloudy,0,13
Q000827,C004,2026-09-05T07:37:00,38,5,32,18,10,rain,0,35
Q000828,C002,2026-09-12T10:18:00,27,2,29,6,9,rain,0,15
Q000829,C003,2026-09-18T19:22:00,35,2,28,12,18,rain,0,13
Q000830,C004,2026-09-05T11:17:00,42,2,34,6,18,rain,3,29
Q000831,C004,2026-09-11T23:23:00,28,3,8,13,9,clear,0,26
Q000832,C002,2026-09-06T15:19:00,73,3,9,14,14,cloudy,0,24
Q000833,C001,2026-09-28T05:00:00,68,2,32,16,14,rain,2,13
Q000834,C002,2026-09-06T04:55:00,50,1,22,18,13,clear,2,19
Q000835,C004,2026-09-22T02:20:00,18,5,14,8,18,cloudy,0,43
Q000836,C003,2026-09-15T09:53:00,64,1,13,19,18,clear,3,23
Q000837,C004,2026-09-04T00:44:00,42,2,31,10,11,cloudy,0,16
Q000838,C004,2026-09-19T04:27:00,38,2,5,16,13,rain,3,27
Q000839,C004,2026-09-19T03:38:00,9,5,28,13,12,cloudy,1,40
Q000840,C004,2026-09-05T18:47:00,16,3,29,5,12,rain,1,41
Q000841,C002,2026-09-21T11:09:00,61,3,33,8,11,clear,1,5
Q000842,C003,2026-09-27T13:17:00,13,2,17,17,18,clear,0,11
Q000843,C003,2026-09-22T22:05:00,22,1,8,20,18,rain,3,14
Q000844,C004,2026-09-12T12:06:00,4,1,12,16,15,rain,1,29
Q000845,C001,2026-09-22T10:57:00,48,3,25,18,13,clear,0,12
Q000846,C001,2026-09-06T21:48:00,62,5,12,4,17,cloudy,3,22
Q000847,C001,2026-09-28T08:04:00,23,4,20,17,12,cloudy,1,11
Q000848,C003,2026-09-04T05:51:00,68,2,17,4,14,cloudy,3,9
Q000849,C001,2026-09-10T19:06:00,15,2,32,9,8,cloudy,3,25
Q000850,C001,2026-09-03T03:15:00,16,5,11,9,9,cloudy,2,7
Q000851,C001,2026-09-07T00:43:00,64,3,16,9,14,cloudy,0,20
Q000852,C003,2026-09-03T10:55:00,66,3,26,18,10,cloudy,3,25
Q000853,C003,2026-09-28T22:36:00,68,5,11,7,18,clear,1,7
Q000854,C002,2026-09-07T19:14:00,38,2,35,8,17,cloudy,1,42
Q000855,C003,2026-09-13T23:29:00,16,5,18,6,16,rain,2,29
Q000856,C002,2026-09-19T13:28:00,58,1,35,12,18,rain,1,39
Q000857,C002,2026-09-04T13:34:00,80,3,25,10,13,cloudy,1,31
Q000858,C002,2026-09-15T18:02:00,55,4,5,11,9,rain,0,39
Q000859,C001,2026-09-26T07:27:00,52,1,15,6,13,rain,2,14
Q000860,C002,2026-09-13T19:23:00,1,1,17,11,14,clear,0,16
Q000861,C003,2026-09-28T03:39:00,62,1,21,15,17,rain,2,43
Q000862,C001,2026-09-03T12:53:00,21,3,35,16,10,rain,3,35
Q000863,C002,2026-09-13T03:27:00,1,5,27,8,18,clear,1,29
Q000864,C003,2026-09-03T18:14:00,47,2,26,17,15,clear,3,27
Q000865,C004,2026-09-24T05:04:00,36,3,35,17,16,cloudy,1,24
Q000866,C001,2026-09-15T06:21:00,52,3,32,6,18,clear,0,20
Q000867,C001,2026-09-08T20:50:00,73,1,7,13,16,rain,0,32
Q000868,C002,2026-09-23T04:24:00,63,5,26,7,14,clear,1,5
Q000869,C004,2026-09-25T16:07:00,44,2,28,20,18,cloudy,0,43
Q000870,C004,2026-09-09T00:34:00,67,2,10,6,13,clear,2,8
Q000871,C004,2026-09-23T21:43:00,48,2,16,7,13,cloudy,1,39
Q000872,C001,2026-09-14T13:19:00,38,4,14,12,11,clear,3,18
Q000873,C003,2026-09-30T14:47:00,65,1,34,18,17,rain,0,27
Q000874,C001,2026-09-29T08:49:00,58,3,14,15,9,clear,2,16
Q000875,C004,2026-09-17T11:44:00,1,1,18,19,11,clear,1,31
Q000876,C001,2026-09-23T12:53:00,0,2,29,12,11,rain,3,28
Q000877,C003,2026-09-17T22:37:00,54,2,22,12,9,rain,3,15
Q000878,C002,2026-09-17T10:52:00,55,1,16,10,9,clear,2,7
Q000879,C002,2026-09-19T07:26:00,53,3,33,5,10,cloudy,1,35
Q000880,C003,2026-09-06T18:15:00,53,4,22,19,18,cloudy,1,25
Q000881,C004,2026-09-24T04:39:00,49,2,8,7,8,clear,1,27
Q000882,C001,2026-09-12T02:49:00,6,3,18,4,14,rain,2,23
Q000883,C004,2026-09-05T02:44:00,54,2,24,8,16,clear,1,22
Q000884,C001,2026-09-13T08:20:00,31,4,11,19,9,cloudy,1,17
Q000885,C002,2026-09-11T19:02:00,15,2,17,5,12,clear,1,32
Q000886,C001,2026-09-29T09:50:00,25,1,32,5,14,rain,2,45
Q000887,C002,2026-09-11T10:44:00,43,4,20,5,16,rain,0,24
Q000888,C001,2026-09-13T14:35:00,46,3,35,15,14,clear,2,8
Q000889,C002,2026-09-03T05:09:00,0,1,26,14,11,rain,3,22
Q000890,C001,2026-09-20T23:09:00,23,3,35,19,13,rain,2,12
Q000891,C001,2026-09-01T23:25:00,70,2,15,15,13,cloudy,2,20
Q000892,C003,2026-09-10T21:54:00,74,4,7,7,10,cloudy,0,7
Q000893,C002,2026-09-10T03:13:00,57,1,7,14,12,cloudy,3,17
Q000894,C002,2026-09-03T08:21:00,16,2,18,12,16,rain,2,33
Q000895,C001,2026-09-21T04:51:00,8,4,18,20,16,clear,1,43
Q000896,C003,2026-09-07T05:19:00,37,1,35,5,11,cloudy,3,36
Q000897,C001,2026-09-08T21:17:00,56,5,17,16,14,cloudy,2,18
Q000898,C002,2026-09-01T12:25:00,20,5,11,4,16,rain,2,24
Q000899,C002,2026-09-14T20:12:00,34,5,8,9,11,clear,1,23
Q000900,C001,2026-09-30T11:07:00,18,3,34,8,12,clear,1,18
Q000901,C001,2026-09-01T10:01:00,44,5,16,14,9,cloudy,2,13
Q000902,C004,2026-09-29T04:24:00,37,3,6,4,13,clear,2,16
Q000903,C003,2026-09-02T01:34:00,68,5,8,16,18,rain,1,33
Q000904,C002,2026-09-16T02:40:00,34,2,23,16,10,rain,1,32
Q000905,C003,2026-09-08T02:31:00,61,1,20,9,15,clear,1,17
Q000906,C004,2026-09-09T13:33:00,36,1,14,9,10,rain,1,9
Q000907,C002,2026-09-04T15:11:00,54,2,19,16,9,cloudy,1,5
Q000908,C001,2026-09-18T13:14:00,49,1,8,4,18,clear,1,20
Q000909,C001,2026-09-13T12:51:00,18,5,5,4,9,cloudy,2,10
Q000910,C002,2026-09-07T16:34:00,61,5,33,18,10,rain,2,35
Q000911,C002,2026-09-12T10:48:00,7,5,27,12,18,cloudy,0,6
Q000912,C001,2026-09-06T00:48:00,69,3,8,20,14,clear,0,19
Q000913,C001,2026-09-11T16:05:00,54,4,9,15,18,rain,1,29
Q000914,C001,2026-09-23T17:41:00,21,1,12,7,12,rain,0,44
Q000915,C003,2026-09-06T17:46:00,46,1,33,5,17,clear,1,32
Q000916,C003,2026-09-28T15:26:00,23,4,9,13,17,rain,2,11
Q000917,C003,2026-09-24T01:48:00,47,3,30,6,8,clear,1,25
Q000918,C002,2026-09-19T03:08:00,57,4,31,6,9,cloudy,3,22
Q000919,C002,2026-09-05T11:17:00,41,2,10,16,13,rain,3,32
Q000920,C004,2026-09-20T04:38:00,77,3,9,11,14,rain,3,39
Q000921,C004,2026-09-25T14:06:00,68,2,17,6,17,cloudy,3,38
Q000922,C002,2026-09-05T07:48:00,30,3,5,10,8,rain,3,13
Q000923,C001,2026-09-04T01:34:00,44,3,32,8,12,rain,1,40
Q000924,C004,2026-09-12T09:22:00,26,2,6,8,9,cloudy,1,29
Q000925,C001,2026-09-20T16:23:00,47,1,27,7,18,cloudy,0,35
Q000926,C002,2026-09-02T17:28:00,18,3,9,6,11,clear,0,41
Q000927,C004,2026-09-08T04:01:00,23,4,28,8,16,cloudy,2,35
Q000928,C004,2026-09-16T16:57:00,56,1,14,7,10,clear,0,43
Q000929,C002,2026-09-24T06:13:00,20,1,17,17,18,rain,2,41
Q000930,C003,2026-09-11T16:47:00,54,2,13,6,16,rain,1,18
Q000931,C004,2026-09-29T12:39:00,7,2,17,9,16,cloudy,0,34
Q000932,C004,2026-09-15T14:35:00,51,4,10,5,13,cloudy,3,17
Q000933,C003,2026-09-06T06:54:00,13,1,16,14,8,clear,2,15
Q000934,C001,2026-09-04T07:50:00,27,5,5,13,11,cloudy,1,45
Q000935,C001,2026-09-12T07:00:00,34,1,23,5,17,rain,0,8
Q000936,C003,2026-09-05T14:18:00,39,1,16,13,14,cloudy,1,25
Q000937,C004,2026-09-17T13:10:00,16,1,15,17,16,clear,1,6
Q000938,C004,2026-09-23T01:27:00,75,1,14,9,10,cloudy,3,10
Q000939,C001,2026-09-11T21:26:00,27,2,29,9,16,cloudy,2,33
Q000940,C002,2026-09-16T18:48:00,37,3,24,17,8,cloudy,3,20
Q000941,C002,2026-09-29T03:12:00,77,1,35,8,17,cloudy,3,11
Q000942,C001,2026-09-07T20:16:00,39,5,32,6,15,clear,3,25
Q000943,C002,2026-09-14T19:22:00,20,1,13,15,13,clear,0,16
Q000944,C004,2026-09-13T02:14:00,60,3,29,18,18,clear,0,41
Q000945,C004,2026-09-03T03:44:00,46,3,17,17,17,cloudy,1,33
Q000946,C003,2026-09-24T16:15:00,79,3,16,6,18,rain,3,21
Q000947,C001,2026-09-29T14:22:00,7,2,27,4,10,clear,2,29
Q000948,C002,2026-09-27T07:14:00,51,1,12,16,15,cloudy,0,27
Q000949,C004,2026-09-22T16:12:00,68,4,8,6,10,cloudy,0,30
Q000950,C004,2026-09-10T10:22:00,51,3,7,14,13,cloudy,3,18
Q000951,C004,2026-09-06T13:22:00,35,4,6,8,15,clear,1,25
Q000952,C001,2026-09-28T17:02:00,48,1,34,15,14,rain,1,8
Q000953,C002,2026-09-02T09:33:00,54,3,13,9,9,clear,0,22
Q000954,C004,2026-09-05T01:44:00,38,4,32,17,16,clear,2,16
Q000955,C001,2026-09-05T13:28:00,54,3,35,13,10,clear,2,31
Q000956,C004,2026-09-22T23:52:00,68,2,35,17,13,cloudy,3,5
Q000957,C002,2026-09-04T21:29:00,74,5,9,14,18,cloudy,2,5
Q000958,C002,2026-09-22T05:28:00,18,4,32,14,9,cloudy,3,21
Q000959,C001,2026-09-21T20:37:00,16,4,25,7,8,clear,1,31
Q000960,C002,2026-09-28T16:53:00,48,2,16,10,11,cloudy,0,28
Q000961,C003,2026-09-02T02:11:00,38,3,21,7,15,cloudy,3,31
Q000962,C004,2026-09-17T08:40:00,45,5,18,20,13,clear,1,34
Q000963,C004,2026-09-18T08:02:00,22,5,24,9,16,rain,3,23
Q000964,C004,2026-09-30T05:06:00,36,5,35,7,9,clear,0,6
Q000965,C004,2026-09-06T01:44:00,63,5,34,7,18,rain,0,23
Q000966,C004,2026-09-10T23:55:00,28,4,22,16,9,clear,3,12
Q000967,C003,2026-09-22T11:15:00,52,4,5,15,11,cloudy,2,22
Q000968,C003,2026-09-15T08:15:00,53,2,5,17,8,clear,0,14
Q000969,C003,2026-09-24T23:20:00,76,3,15,9,17,rain,1,40
Q000970,C004,2026-09-10T02:56:00,78,4,31,5,17,rain,1,45
Q000971,C004,2026-09-09T06:14:00,51,3,21,9,14,clear,0,13
Q000972,C001,2026-09-30T02:12:00,73,4,31,12,16,clear,2,18
Q000973,C001,2026-09-05T14:22:00,3,4,5,8,8,cloudy,0,41
Q000974,C004,2026-09-02T12:07:00,16,4,25,15,10,clear,1,24
Q000975,C002,2026-09-25T17:19:00,31,4,29,12,18,clear,2,10
Q000976,C002,2026-09-29T21:49:00,2,5,32,7,9,rain,0,11
Q000977,C002,2026-09-14T05:01:00,33,2,7,6,15,rain,1,30
Q000978,C001,2026-09-23T16:50:00,2,4,7,19,18,clear,1,31
Q000979,C004,2026-09-15T15:01:00,57,2,10,13,8,clear,0,12
Q000980,C003,2026-09-17T03:16:00,61,5,24,4,10,cloudy,2,12
Q000981,C002,2026-09-28T22:32:00,3,5,5,20,16,clear,1,28
Q000982,C001,2026-09-11T05:28:00,3,3,9,11,9,cloudy,1,22
Q000983,C003,2026-09-23T06:30:00,25,1,16,13,15,cloudy,3,32
Q000984,C004,2026-09-10T03:22:00,32,2,11,12,14,clear,2,15
Q000985,C002,2026-09-23T13:20:00,55,4,18,12,13,cloudy,0,43
Q000986,C004,2026-09-20T21:25:00,25,5,16,15,18,clear,3,15
Q000987,C001,2026-09-24T15:02:00,32,5,18,13,17,cloudy,2,30
Q000988,C001,2026-09-06T13:43:00,23,3,18,9,13,clear,0,18
Q000989,C003,2026-09-18T06:47:00,18,3,8,4,13,cloudy,0,26
Q000990,C002,2026-09-22T12:48:00,72,3,33,11,16,clear,3,23
Q000991,C002,2026-09-25T08:24:00,27,1,22,12,17,cloudy,0,41
Q000992,C004,2026-09-21T03:51:00,40,3,11,10,8,rain,3,7
Q000993,C003,2026-09-20T12:36:00,15,1,19,9,17,rain,3,20
Q000994,C001,2026-09-14T07:50:00,2,5,5,18,12,clear,3,7
Q000995,C001,2026-09-16T17:01:00,2,1,20,7,14,cloudy,2,22
Q000996,C003,2026-09-17T02:13:00,51,1,22,14,15,cloudy,0,30
Q000997,C003,2026-09-22T01:01:00,63,1,31,15,17,clear,0,19
Q000998,C001,2026-09-01T19:51:00,17,1,15,17,11,clear,0,17
Q000999,C003,2026-09-25T19:39:00,0,1,13,5,9,clear,2,9
